Workbook
Name ACTION: #REF!
Name ACTION: #REF!

Sheet Cover
B2: TEST REPORT DOCUMENT
A4: Project Name | B4: WarpTalk | E4: Creator | F4: Huỳnh Thái Tú
A5: Project Code | B5: SU26SE112 | E5: Issue Date | F5: 46248
A6: Document Code | B6: =B5&"_"&"Test Report"&"_"&"v1.3" -> SU26SE112_Test Report_v1.3 | E6: Version | F6: 1.3
A9: Record of change
A10: Effective Date | B10: Version | C10: Change Item | D10: *A,D,M | E10: Change description | F10: Reference
A11: 46248 | B11: 1.0 | C11: Create document | D11: A | E11: Created document | F11: N/A
A12: 46248 | B12: 1.3 | C12: Add WarpTalk unit test cases | D12: A | E12: Add WarpTalk unit test cases | F12: Source code

Sheet Test Cases
D1: TEST CASE LIST
B3: Project Name | D3: WarpTalk - Real-Time Translation and Communication Platform
B4: Project Code | D4: SU26SE112
B5: Test Environment Setup Description | D5: List environment requirements in this system 1. Server / Operating System - OS: Windows 10/11 (Development), Linux/Docker target - Runtime: .NET 8 (ASP.NET Core Web API) - Background Jobs: Hangfire Dashboard (/hangfire) - API Docs: Swagger + Scalar - Local Host: https://localhost:<port> or http://localhost:<port> 2. Database and Messaging - PostgreSQL (EF Core 8 + Npgsql) - Redis (StackExchange.Redis) - Docker/Testcontainers for selected integration-style backend tests 3. Testing Tools - Backend automated tests: xUnit, Microsoft.NET.Test.Sdk, Moq, FluentAssertions, coverlet.collector where configured - Backend integration-style tests: Testcontainers.PostgreSql, Microsoft.AspNetCore.Mvc.Testing / WebApplicationFactory where applicable - AI worker tests: pytest, pytest-asyncio, pytest-cov, mocked Redis/provider fixtures - API/manual support: Swagger UI / Scalar; Postman only if the team has a real collection/export 4. Client and External Services - Browser: Google Chrome latest; secondary browsers may include Edge, Firefox, or Brave - Mobile: Android client context - External providers: LiveKit, OpenAI, Stripe/payment providers, Cartesia, AWS S3, Firebase, Resend through mocks, stubs, test doubles, or sandbox/test modes where applicable 5. Source Control / Evidence - Git + GitHub repository - Linear references used for testcase scope: WT-371 (Translation Room/Workspace/AI audio), WT-381 (Billing lifecycle), WT-261 (Notification authorization), WT-240/WT-241 (Transcript/Billing maintainability and testability risks)
B7: Full term | C7: Abbreviation
B11: No | C11: Function Name | D11: Sheet Name | E11: Description | F11: Pre-Condition
B12: 1 | C12: LoginAsync | D12: Authentication | E12: Authenticate user with credentials
B13: 2 | C13: Grant | D13: Voice Consent | E13: Save the user's consent decision. | F13: User is signed in and consent wording is available.
B14: 3 | C14: ChangePassword | D14: Password Management | E14: Process account action: Change Password. | F14: User account data is available and request is valid.
B15: 4 | C15: GetProfile | D15: Profile Management | E15: Process account action: Get Profile. | F15: User account data is available and request is valid.
B16: 5 | C16: GetSettings | D16: User Settings | E16: Process account action: Get Settings. | F16: User account data is available and request is valid.
B17: 6 | C17: AcceptInvitation | D17: Workspace Invitation | E17: Invited user accepts an invitation and joins the workspace. | F17: Invitation exists and is still valid.
B18: 7 | C18: CreateWorkspace | D18: Workspace Management | E18: Create the requested business record. | F18: Required input information is valid.
B19: 8 | C19: AddDomain | D19: Workspace Domain | E19: Process workspace action: Add Domain. | F19: Workspace and member data exist.
B20: 9 | C20: ApproveJoinRequest | D20: Workspace Join Request | E20: Process workspace action: Approve Join Request. | F20: Workspace and member data exist.
B21: 10 | C21: ChangeMemberRole | D21: Workspace Member Role | E21: Process workspace action: Change Member Role. | F21: Workspace and member data exist.
B22: 11 | C22: AdmitParticipant | D22: Room Participant | E22: Host allows a waiting participant to enter the room. | F22: Room exists and participant is waiting.
B23: 12 | C23: EndTranslationRoom | D23: Translation Room Lifecycle | E23: Process room/meeting action: End Translation Room. | F23: Room or meeting exists and user has access.
B24: 13 | C24: ResumeTranslationRoom | D24: Translation Room Resume | E24: Process room/meeting action: Resume Translation Room. | F24: Room or meeting exists and user has access.
... B46: 35 | C46: GetKnowledge | D46: Workspace Knowledge | E46: Process workspace action: Get Knowledge. | F46: Workspace and member data exist.

Sheet Test Statistics
B1: TEST STATISTICS
B3: Project Name | C3: WarpTalk - Real-Time Translation and Communication Platform | E3: Creator | H3: Huỳnh Thái Tú
B4: Project Code | C4: SU26SE112 | E4: Reviewer/Approver
B5: Document Code | C5: =C4&"_"&"Test Report"&"_"&"v1.3" -> SU26SE112_Test Report_v1.3 | E5: Issue Date | H5: 46248
B6: Notes | C6: Release includes 35 functions. Statistics are linked to actual WarpTalk feature sheets; old unrelated template rows are not used.
B8: Full term | C8: Abbreviation
B12: No | C12: Module code | D12: Passed | E12: Failed | F12: Pending | G12: N/A | H12: Number of test cases | I12: Pass rate | J12: Requirement trace | K12: Unit sheet | L12: Actual test file | M12: Tool evidence
B13: 1 | C13: Authentication | D13: =COUNTIF(Authentication!$L$12:$L$999,"Passed") -> 7 | E13: =COUNTIF(Authentication!$L$12:$L$999,"Failed") -> 0 | F13: =COUNTIF(Authentication!$L$12:$L$999,"Pending") -> 0 | G13: =COUNTIF(Authentication!$L$12:$L$999,"N/A") -> 0 | H13: =COUNTIF(Authentication!$A$12:$A$999,"?*") -> 7 | I13: =IF(H13=0,0,D13/H13) -> 1 | J13: F001 | K13: F001_Login | L13: warptalk-backend/auth/tests/WarpTalk.AuthService.Tests/AuthServiceTests.cs; warptalk-backend/gateway/tests/WarpTalk.Gateway.Tests/LoginRateLimitPartitioningTests.cs | M13: xUnit/Moq where implemented; manual/API support via Swagger UI/Scalar
B14: 2 | C14: User Management (AD) | D14: =COUNTIF('Voice Consent'!$L$12:$L$999,"Passed") -> 7 | E14: =COUNTIF('Voice Consent'!$L$12:$L$999,"Failed") -> 0 | F14: =COUNTIF('Voice Consent'!$L$12:$L$999,"Pending") -> 0 | G14: =COUNTIF('Voice Consent'!$L$12:$L$999,"N/A") -> 0 | H14: =COUNTIF('Voice Consent'!$A$12:$A$999,"?*") -> 7 | I14: =IF(H14=0,0,D14/H14) -> 1 | J14: F002 | K14: F002_Grant | L14: warptalk-backend/auth/tests/WarpTalk.AuthService.Tests/VoiceConsentServiceTests.cs | M14: xUnit/Moq where implemented
B15: 3 | C15: Venue Management (AD) | D15: =COUNTIF('Password Management'!$L$12:$L$999,"Passed") -> 7 | E15: =COUNTIF('Password Management'!$L$12:$L$999,"Failed") -> 0 | F15: =COUNTIF('Password Management'!$L$12:$L$999,"Pending") -> 0 | G15: =COUNTIF('Password Management'!$L$12:$L$999,"N/A") -> 0 | H15: =COUNTIF('Password Management'!$A$12:$A$999,"?*") -> 7 | I15: =IF(H15=0,0,D15/H15) -> 1 | J15: F003 | K15: F003_ChangePassword | L15: warptalk-backend/auth/tests/WarpTalk.AuthService.Tests/ProfileServiceTests.cs | M15: xUnit/Moq where implemented
B16: 4 | C16: Advertisement Management (AD) | D16: =COUNTIF('Profile Management'!$L$12:$L$999,"Passed") -> 6 | E16: =COUNTIF('Profile Management'!$L$12:$L$999,"Failed") -> 0 | F16: =COUNTIF('Profile Management'!$L$12:$L$999,"Pending") -> 0 | G16: =COUNTIF('Profile Management'!$L$12:$L$999,"N/A") -> 0 | H16: =COUNTIF('Profile Management'!$A$12:$A$999,"?*") -> 6 | I16: =IF(H16=0,0,D16/H16) -> 1 | J16: F004 | K16: F004_GetProfile | L16: warptalk-backend/auth/tests/WarpTalk.AuthService.Tests/ProfileServiceTests.cs | M16: xUnit/Moq where implemented
B17: 5 | C17: Special Event Management (AD) | D17: =COUNTIF('User Settings'!$L$12:$L$999,"Passed") -> 7 | E17: =COUNTIF('User Settings'!$L$12:$L$999,"Failed") -> 0 | F17: =COUNTIF('User Settings'!$L$12:$L$999,"Pending") -> 0 | G17: =COUNTIF('User Settings'!$L$12:$L$999,"N/A") -> 0 | H17: =COUNTIF('User Settings'!$A$12:$A$999,"?*") -> 7 | I17: =IF(H17=0,0,D17/H17) -> 1 | J17: F005 | K17: F005_GetSettings | L17: warptalk-backend/auth/tests/WarpTalk.AuthService.Tests/UserSettingsServiceTests.cs | M17: xUnit/Moq where implemented
B18: 6 | C18: Challenge Management (AD) | D18: =COUNTIF('Workspace Invitation'!$L$12:$L$999,"Passed") -> 7 | E18: =COUNTIF('Workspace Invitation'!$L$12:$L$999,"Failed") -> 0 | F18: =COUNTIF('Workspace Invitation'!$L$12:$L$999,"Pending") -> 0 | G18: =COUNTIF('Workspace Invitation'!$L$12:$L$999,"N/A") -> 0 | H18: =COUNTIF('Workspace Invitation'!$A$12:$A$999,"?*") -> 7 | I18: =IF(H18=0,0,D18/H18) -> 1 | J18: F006 | K18: F006_AcceptInvitation | L18: warptalk-backend/workspace/tests/WarpTalk.WorkspaceService.Tests/WorkspaceInvitationServiceTests.cs; warptalk-backend/auth/tests/WarpTalk.AuthService.Tests/Integration/AuthControllerIntegrationTests.cs | M18: xUnit/Moq where implemented
B19: 7 | C19: Voucher Management (AD) | D19: =COUNTIF('Workspace Management'!$L$12:$L$999,"Passed") -> 7 | E19: =COUNTIF('Workspace Management'!$L$12:$L$999,"Failed") -> 0 | F19: =COUNTIF('Workspace Management'!$L$12:$L$999,"Pending") -> 0 | G19: =COUNTIF('Workspace Management'!$L$12:$L$999,"N/A") -> 0 | H19: =COUNTIF('Workspace Management'!$A$12:$A$999,"?*") -> 7 | I19: =IF(H19=0,0,D19/H19) -> 1 | J19: F007 | K19: F007_CreateWorkspace | L19: warptalk-backend/workspace/tests/WarpTalk.WorkspaceService.Tests/WorkspaceServiceTests.cs; warptalk-backend/workspace/tests/WarpTalk.WorkspaceService.Tests/WorkspacesControllerTests.cs | M19: xUnit/Moq where implemented; Linear WT-371 scope
B20: 8 | C20: Report Management (AD) | D20: =COUNTIF('Workspace Domain'!$L$12:$L$999,"Passed") -> 5 | E20: =COUNTIF('Workspace Domain'!$L$12:$L$999,"Failed") -> 0 | F20: =COUNTIF('Workspace Domain'!$L$12:$L$999,"Pending") -> 0 | G20: =COUNTIF('Workspace Domain'!$L$12:$L$999,"N/A") -> 0 | H20: =COUNTIF('Workspace Domain'!$A$12:$A$999,"?*") -> 5 | I20: =IF(H20=0,0,D20/H20) -> 1 | J20: F008 | K20: F008_AddDomain | L20: warptalk-backend/workspace/tests/WarpTalk.WorkspaceService.Tests/VerifiedDomainServiceTests.cs | M20: xUnit/Moq where implemented
B21: 9 | C21: Personality Test (AD) | D21: =COUNTIF('Workspace Join Request'!$L$12:$L$999,"Passed") -> 5 | E21: =COUNTIF('Workspace Join Request'!$L$12:$L$999,"Failed") -> 0 | F21: =COUNTIF('Workspace Join Request'!$L$12:$L$999,"Pending") -> 0 | G21: =COUNTIF('Workspace Join Request'!$L$12:$L$999,"N/A") -> 0 | H21: =COUNTIF('Workspace Join Request'!$A$12:$A$999,"?*") -> 5 | I21: =IF(H21=0,0,D21/H21) -> 1 | J21: F009 | K21: F009_ApproveJoinRequest | L21: warptalk-backend/workspace/tests/WarpTalk.WorkspaceService.Tests/WorkspaceInvitationServiceTests.cs; warptalk-backend/workspace/tests/WarpTalk.WorkspaceService.Tests/WorkspaceInvitationsControllerTests.cs | M21: xUnit/Moq where implemented
B22: 10 | C22: System Configuration (AD) | D22: =COUNTIF('Workspace Member Role'!$L$12:$L$999,"Passed") -> 6 | E22: =COUNTIF('Workspace Member Role'!$L$12:$L$999,"Failed") -> 0 | F22: =COUNTIF('Workspace Member Role'!$L$12:$L$999,"Pending") -> 0 | G22: =COUNTIF('Workspace Member Role'!$L$12:$L$999,"N/A") -> 0 | H22: =COUNTIF('Workspace Member Role'!$A$12:$A$999,"?*") -> 6 | I22: =IF(H22=0,0,D22/H22) -> 1 | J22: F010 | K22: F010_ChangeMemberRole | L22: warptalk-backend/workspace/tests/WarpTalk.WorkspaceService.Tests/WorkspaceMemberServiceTests.cs; warptalk-backend/workspace/tests/WarpTalk.WorkspaceService.Tests/WorkspaceMembersControllerTests.cs | M22: xUnit/Moq where implemented; Linear WT-371 scope
B23: 11 | C23: Withdraw Management (AD) | D23: =COUNTIF('Room Participant'!$L$12:$L$999,"Passed") -> 7 | E23: =COUNTIF('Room Participant'!$L$12:$L$999,"Failed") -> 0 | F23: =COUNTIF('Room Participant'!$L$12:$L$999,"Pending") -> 0 | G23: =COUNTIF('Room Participant'!$L$12:$L$999,"N/A") -> 0 | H23: =COUNTIF('Room Participant'!$A$12:$A$999,"?*") -> 7 | I23: =IF(H23=0,0,D23/H23) -> 1 | J23: F011 | K23: F011_AdmitParticipant | L23: warptalk-backend/translation-room/tests/WarpTalk.TranslationRoomService.Tests/Application/Services/ParticipantManagementServiceTests.cs; warptalk-backend/translation-room/tests/WarpTalk.TranslationRoomService.Tests/Application/Services/ParticipantAdmittedPublishTests.cs | M23: xUnit/Moq where implemented; Linear WT-371 scope
B24: 12 | C24: Admin Dashboard (AD) | D24: =COUNTIF('Translation Room Lifecycle'!$L$12:$L$999,"Passed") -> 6 | E24: =COUNTIF('Translation Room Lifecycle'!$L$12:$L$999,"Failed") -> 0 | F24: =COUNTIF('Translation Room Lifecycle'!$L$12:$L$999,"Pending") -> 0 | G24: =COUNTIF('Translation Room Lifecycle'!$L$12:$L$999,"N/A") -> 0 | H24: =COUNTIF('Translation Room Lifecycle'!$A$12:$A$999,"?*") -> 6 | I24: =IF(H24=0,0,D24/H24) -> 1 | J24: F012 | K24: F012_EndTranslationRoom | L24: warptalk-backend/translation-room/tests/WarpTalk.TranslationRoomService.Tests/Application/Services/TranslationRoomServiceTests.cs | M24: xUnit/Moq where implemented; Linear WT-371 scope
B25: 13 | C25: Location Management (VO) | D25: =COUNTIF('Translation Room Resume'!$L$12:$L$999,"Passed") -> 5 | E25: =COUNTIF('Translation Room Resume'!$L$12:$L$999,"Failed") -> 0 | F25: =COUNTIF('Translation Room Resume'!$L$12:$L$999,"Pending") -> 0 | G25: =COUNTIF('Translation Room Resume'!$L$12:$L$999,"N/A") -> 0 | H25: =COUNTIF('Translation Room Resume'!$A$12:$A$999,"?*") -> 5 | I25: =IF(H25=0,0,D25/H25) -> 1 | J25: F013 | K25: F013_ResumeTranslationRoom | L25: warptalk-backend/translation-room/tests/WarpTalk.TranslationRoomService.Tests/Application/Services/TranslationRoomServiceTests.cs | M25: xUnit/Moq where implemented; Linear WT-371 scope
B26: 14 | C26: Advertisement Management (VO) | D26: =COUNTIF('Voice Clone Consent'!$L$12:$L$999,"Passed") -> 5 | E26: =COUNTIF('Voice Clone Consent'!$L$12:$L$999,"Failed") -> 0 | F26: =COUNTIF('Voice Clone Consent'!$L$12:$L$999,"Pending") -> 0 | G26: =COUNTIF('Voice Clone Consent'!$L$12:$L$999,"N/A") -> 0 | H26: =COUNTIF('Voice Clone Consent'!$A$12:$A$999,"?*") -> 5 | I26: =IF(H26=0,0,D26/H26) -> 1 | J26: F014 | K26: F014_SetVoiceCloneConsent | L26: warptalk-backend/translation-room/tests/WarpTalk.TranslationRoomService.Tests/Application/Services/TranslationRoomAudioRouteServiceTests.cs; warptalk-backend/translation-room/tests/WarpTalk.TranslationRoomService.Tests/Application/Services/VoiceCloneConsentGateTests.cs | M26: xUnit/Moq where implemented; AI pytest where applicable; Linear WT-371 scope
B27: 15 | C27: Voucher Management (VO) | D27: =COUNTIF('Translation Room Join'!$L$12:$L$999,"Passed") -> 7 | E27: =COUNTIF('Translation Room Join'!$L$12:$L$999,"Failed") -> 0 | F27: =COUNTIF('Translation Room Join'!$L$12:$L$999,"Pending") -> 0 | G27: =COUNTIF('Translation Room Join'!$L$12:$L$999,"N/A") -> 0 | H27: =COUNTIF('Translation Room Join'!$A$12:$A$999,"?*") -> 7 | I27: =IF(H27=0,0,D27/H27) -> 1 | J27: F015 | K27: F015_JoinTranslationRoom | L27: warptalk-backend/translation-room/tests/WarpTalk.TranslationRoomService.Tests/Application/Services/TranslationRoomServiceTests.cs; warptalk-backend/translation-room/tests/WarpTalk.TranslationRoomService.Tests/API/Validators/JoinTranslationRoomRequestValidatorTests.cs | M27: xUnit/Moq where implemented; Linear WT-371 scope
B28: 16 | C28: Subscription Package (VO) | D28: =COUNTIF('Poll Management'!$L$12:$L$999,"Passed") -> 7 | E28: =COUNTIF('Poll Management'!$L$12:$L$999,"Failed") -> 0 | F28: =COUNTIF('Poll Management'!$L$12:$L$999,"Pending") -> 0 | G28: =COUNTIF('Poll Management'!$L$12:$L$999,"N/A") -> 0 | H28: =COUNTIF('Poll Management'!$A$12:$A$999,"?*") -> 7 | I28: =IF(H28=0,0,D28/H28) -> 1 | J28: F016 | K28: F016_Close | L28: warptalk-backend/meeting/tests/WarpTalk.MeetingService.Tests/Services/PollsServiceTests.cs | M28: xUnit/Moq where implemented
B29: 17 | C29: Wallet (VO) | D29: =COUNTIF('Meeting Lifecycle'!$L$12:$L$999,"Passed") -> 7 | E29: =COUNTIF('Meeting Lifecycle'!$L$12:$L$999,"Failed") -> 0 | F29: =COUNTIF('Meeting Lifecycle'!$L$12:$L$999,"Pending") -> 0 | G29: =COUNTIF('Meeting Lifecycle'!$L$12:$L$999,"N/A") -> 0 | H29: =COUNTIF('Meeting Lifecycle'!$A$12:$A$999,"?*") -> 7 | I29: =IF(H29=0,0,D29/H29) -> 1 | J29: F017 | K29: F017_End | L29: warptalk-backend/meeting/tests/WarpTalk.MeetingService.Tests/Services/MeetingRoomServiceTests.cs; warptalk-backend/translation-room/tests/WarpTalk.TranslationRoomService.Tests/Application/Services/TranslationRoomServiceTests.cs | M29: xUnit/Moq where implemented; Linear WT-371 scope
B30: 18 | C30: Venue Dashboard & Insights (VO) | D30: =COUNTIF('Meeting Join'!$L$12:$L$999,"Passed") -> 7 | E30: =COUNTIF('Meeting Join'!$L$12:$L$999,"Failed") -> 0 | F30: =COUNTIF('Meeting Join'!$L$12:$L$999,"Pending") -> 0 | G30: =COUNTIF('Meeting Join'!$L$12:$L$999,"N/A") -> 0 | H30: =COUNTIF('Meeting Join'!$A$12:$A$999,"?*") -> 7 | I30: =IF(H30=0,0,D30/H30) -> 1 | J30: F018 | K30: F018_JoinMeeting | L30: warptalk-backend/meeting/tests/WarpTalk.MeetingService.Tests/Services/MeetingRoomServiceTests.cs; warptalk-backend/translation-room/tests/WarpTalk.TranslationRoomService.Tests/Application/Services/TranslationRoomServiceTests.cs | M30: xUnit/Moq where implemented; Linear WT-371 scope
B31: 19 | C31: Redeem Voucher (Staff) | D31: =COUNTIF('Poll Voting'!$L$12:$L$999,"Passed") -> 6 | E31: =COUNTIF('Poll Voting'!$L$12:$L$999,"Failed") -> 0 | F31: =COUNTIF('Poll Voting'!$L$12:$L$999,"Pending") -> 0 | G31: =COUNTIF('Poll Voting'!$L$12:$L$999,"N/A") -> 0 | H31: =COUNTIF('Poll Voting'!$A$12:$A$999,"?*") -> 6 | I31: =IF(H31=0,0,D31/H31) -> 1 | J31: F019 | K31: F019_Vote | L31: warptalk-backend/meeting/tests/WarpTalk.MeetingService.Tests/Services/PollsServiceTests.cs | M31: xUnit/Moq where implemented
B32: 20 | C32: Mood Identification (Member) | D32: =COUNTIF('Question List'!$L$12:$L$999,"Passed") -> 7 | E32: =COUNTIF('Question List'!$L$12:$L$999,"Failed") -> 0 | F32: =COUNTIF('Question List'!$L$12:$L$999,"Pending") -> 0 | G32: =COUNTIF('Question List'!$L$12:$L$999,"N/A") -> 0 | H32: =COUNTIF('Question List'!$A$12:$A$999,"?*") -> 7 | I32: =IF(H32=0,0,D32/H32) -> 1 | J32: F020 | K32: F020_List | L32: warptalk-backend/meeting/tests/WarpTalk.MeetingService.Tests/Services/QuestionsServiceTests.cs | M32: xUnit/Moq where implemented
B33: 21 | C33: Personality Test (Member) | D33: =COUNTIF('Billing Authorization'!$L$12:$L$999,"Passed") -> 7 | E33: =COUNTIF('Billing Authorization'!$L$12:$L$999,"Failed") -> 0 | F33: =COUNTIF('Billing Authorization'!$L$12:$L$999,"Pending") -> 0 | G33: =COUNTIF('Billing Authorization'!$L$12:$L$999,"N/A") -> 0 | H33: =COUNTIF('Billing Authorization'!$A$12:$A$999,"?*") -> 7 | I33: =IF(H33=0,0,D33/H33) -> 1 | J33: F021 | K33: F021_Authorize | L33: warptalk-backend/billing/tests/WarpTalk.BillingService.Tests/API/Controllers/PaymentsCheckoutAuthorizationTests.cs; warptalk-backend/billing/tests/WarpTalk.BillingService.Tests/API/Controllers/WorkspaceInvoiceAuthorizationTests.cs | M33: xUnit/Moq where implemented; Linear WT-381 scope
B34: 22 | C34: Couple Matching (Member) | D34: =COUNTIF('Credit Consumption'!$L$12:$L$999,"Passed") -> 6 | E34: =COUNTIF('Credit Consumption'!$L$12:$L$999,"Failed") -> 0 | F34: =COUNTIF('Credit Consumption'!$L$12:$L$999,"Pending") -> 0 | G34: =COUNTIF('Credit Consumption'!$L$12:$L$999,"N/A") -> 0 | H34: =COUNTIF('Credit Consumption'!$A$12:$A$999,"?*") -> 6 | I34: =IF(H34=0,0,D34/H34) -> 1 | J34: F022 | K34: F022_ConsumeCredits | L34: warptalk-backend/billing/tests/WarpTalk.BillingService.Tests/Application/Services/CreditServiceTests.cs | M34: xUnit/Moq where implemented; Linear WT-381 scope
B35: 23 | C35: Recommend Locations (Member) | D35: =COUNTIF('Webhook Handling'!$L$12:$L$999,"Passed") -> 5 | E35: =COUNTIF('Webhook Handling'!$L$12:$L$999,"Failed") -> 0 | F35: =COUNTIF('Webhook Handling'!$L$12:$L$999,"Pending") -> 0 | G35: =COUNTIF('Webhook Handling'!$L$12:$L$999,"N/A") -> 0 | H35: =COUNTIF('Webhook Handling'!$A$12:$A$999,"?*") -> 5 | I35: =IF(H35=0,0,D35/H35) -> 1 | J35: F023 | K35: F023_Webhook | L35: warptalk-backend/billing/tests/WarpTalk.BillingService.Tests/Infrastructure/Services/StripeWebhookServiceTests.cs; warptalk-backend/billing/tests/WarpTalk.BillingService.Tests/Application/Services/PaymentAppServiceTests.cs | M35: xUnit/Moq where implemented; provider sandbox/test double; Linear WT-381 scope
B36: 24 | C36: Date Plan (Member) | D36: =COUNTIF('Usage Recording'!$L$12:$L$999,"Passed") -> 6 | E36: =COUNTIF('Usage Recording'!$L$12:$L$999,"Failed") -> 0 | F36: =COUNTIF('Usage Recording'!$L$12:$L$999,"Pending") -> 0 | G36: =COUNTIF('Usage Recording'!$L$12:$L$999,"N/A") -> 0 | H36: =COUNTIF('Usage Recording'!$A$12:$A$999,"?*") -> 6 | I36: =IF(H36=0,0,D36/H36) -> 1 | J36: F024 | K36: F024_RecordUsage | L36: warptalk-backend/billing/tests/WarpTalk.BillingService.Tests/Application/Services/UsageServiceTests.cs | M36: xUnit/Moq where implemented; Linear WT-381 scope
B37: 25 | C37: Collection (Member) | D37: =COUNTIF('Contract Terms'!$L$12:$L$999,"Passed") -> 7 | E37: =COUNTIF('Contract Terms'!$L$12:$L$999,"Failed") -> 0 | F37: =COUNTIF('Contract Terms'!$L$12:$L$999,"Pending") -> 0 | G37: =COUNTIF('Contract Terms'!$L$12:$L$999,"N/A") -> 0 | H37: =COUNTIF('Contract Terms'!$A$12:$A$999,"?*") -> 7 | I37: =IF(H37=0,0,D37/H37) -> 1 | J37: F025 | K37: F025_UpdateContractTerms | L37: warptalk-backend/billing/tests/WarpTalk.BillingService.Tests/Application/Services/SubscriptionServiceTests.cs | M37: xUnit/Moq where implemented; Linear WT-381 scope
B38: 26 | C38: Blog (Member) | D38: =COUNTIF(Messaging!$L$12:$L$999,"Passed") -> 7 | E38: =COUNTIF(Messaging!$L$12:$L$999,"Failed") -> 0 | F38: =COUNTIF(Messaging!$L$12:$L$999,"Pending") -> 0 | G38: =COUNTIF(Messaging!$L$12:$L$999,"N/A") -> 0 | H38: =COUNTIF(Messaging!$A$12:$A$999,"?*") -> 7 | I38: =IF(H38=0,0,D38/H38) -> 1 | J38: F026 | K38: F026_SendMessage | L38: warptalk-backend/meeting/tests/WarpTalk.MeetingService.Tests/Services/MeetingChatServiceTests.cs | M38: xUnit/Moq where implemented
B39: 27 | C39: Challenge (Member) | D39: =COUNTIF('Notification Read Status'!$L$12:$L$999,"Passed") -> 5 | E39: =COUNTIF('Notification Read Status'!$L$12:$L$999,"Failed") -> 0 | F39: =COUNTIF('Notification Read Status'!$L$12:$L$999,"Pending") -> 0 | G39: =COUNTIF('Notification Read Status'!$L$12:$L$999,"N/A") -> 0 | H39: =COUNTIF('Notification Read Status'!$A$12:$A$999,"?*") -> 5 | I39: =IF(H39=0,0,D39/H39) -> 1 | J39: F027 | K39: F027_MarkAsRead | L39: warptalk-backend/notification/tests/WarpTalk.NotificationService.Tests/NotificationServiceTests.cs | M39: xUnit/Moq where implemented; Linear WT-261 scope
B40: 28 | C40: Voucher (Member) | D40: =COUNTIF('Validation Test'!$L$12:$L$999,"Passed") -> 7 | E40: =COUNTIF('Validation Test'!$L$12:$L$999,"Failed") -> 0 | F40: =COUNTIF('Validation Test'!$L$12:$L$999,"Pending") -> 0 | G40: =COUNTIF('Validation Test'!$L$12:$L$999,"N/A") -> 0 | H40: =COUNTIF('Validation Test'!$A$12:$A$999,"?*") -> 7 | I40: =IF(H40=0,0,D40/H40) -> 1 | J40: F028 | K40: F028_Test | L40: warptalk-backend/notification/tests/WarpTalk.NotificationService.Tests/API/Controllers/AdminNotificationControllerTests.cs; warptalk-backend/notification/tests/WarpTalk.NotificationService.Tests/Application/Services/AdminNotificationServiceTests.cs | M40: xUnit/Moq where implemented; Linear WT-261 scope
B41: 29 | C41: Wallet (Member) | D41: =COUNTIF(Validation!$L$12:$L$999,"Passed") -> 7 | E41: =COUNTIF(Validation!$L$12:$L$999,"Failed") -> 0 | F41: =COUNTIF(Validation!$L$12:$L$999,"Pending") -> 0 | G41: =COUNTIF(Validation!$L$12:$L$999,"N/A") -> 0 | H41: =COUNTIF(Validation!$A$12:$A$999,"?*") -> 7 | I41: =IF(H41=0,0,D41/H41) -> 1 | J41: F029 | K41: F029_Validate | L41: warptalk-backend/notification/tests/WarpTalk.NotificationService.Tests/NotificationValidatorTests.cs; warptalk-backend/notification/tests/WarpTalk.NotificationService.Tests/Application/Validators/AdminNotifications/CreateAdminNotificationValidatorTests.cs | M41: xUnit/Moq where implemented; Linear WT-261 scope
B42: 30 | C42: Accessories Shop (Member) | D42: =COUNTIF('Session Start'!$L$12:$L$999,"Passed") -> 7 | E42: =COUNTIF('Session Start'!$L$12:$L$999,"Failed") -> 0 | F42: =COUNTIF('Session Start'!$L$12:$L$999,"Pending") -> 0 | G42: =COUNTIF('Session Start'!$L$12:$L$999,"N/A") -> 0 | H42: =COUNTIF('Session Start'!$A$12:$A$999,"?*") -> 7 | I42: =IF(H42=0,0,D42/H42) -> 1 | J42: F030 | K42: F030_Start | L42: warptalk-backend/meeting/tests/WarpTalk.MeetingService.Tests/Services/BreakoutsServiceTests.cs | M42: xUnit/Moq where implemented
B43: 31 | C43: Chat (Member) | D43: =COUNTIF('Workspace Suspension'!$L$12:$L$999,"Passed") -> 7 | E43: =COUNTIF('Workspace Suspension'!$L$12:$L$999,"Failed") -> 0 | F43: =COUNTIF('Workspace Suspension'!$L$12:$L$999,"Pending") -> 0 | G43: =COUNTIF('Workspace Suspension'!$L$12:$L$999,"N/A") -> 0 | H43: =COUNTIF('Workspace Suspension'!$A$12:$A$999,"?*") -> 7 | I43: =IF(H43=0,0,D43/H43) -> 1 | J43: F031 | K43: F031_Suspend | L43: warptalk-backend/workspace/tests/WarpTalk.WorkspaceService.Tests/AdminWorkspaceServiceTests.cs; warptalk-backend/workspace/tests/WarpTalk.WorkspaceService.Tests/AdminWorkspacesControllerTests.cs | M43: xUnit/Moq where implemented; Linear WT-381 scope
B44: 32 | C44: Map (Member) | D44: =COUNTIF('Meeting Validation'!$L$12:$L$999,"Passed") -> 7 | E44: =COUNTIF('Meeting Validation'!$L$12:$L$999,"Failed") -> 0 | F44: =COUNTIF('Meeting Validation'!$L$12:$L$999,"Pending") -> 0 | G44: =COUNTIF('Meeting Validation'!$L$12:$L$999,"N/A") -> 0 | H44: =COUNTIF('Meeting Validation'!$A$12:$A$999,"?*") -> 7 | I44: =IF(H44=0,0,D44/H44) -> 1 | J44: F032 | K44: F032_ValidateMeetingCreation | L44: warptalk-backend/translation-room/tests/WarpTalk.TranslationRoomService.Tests/Application/Services/TranslationRoomServiceTests.cs; warptalk-backend/translation-room/tests/WarpTalk.TranslationRoomService.Tests/Infrastructure/WorkspaceMeetingPolicyGrpcClientTests.cs | M44: xUnit/Moq where implemented; Linear WT-371/WT-381 scope
B45: 33 | C45: Review Location (Member) | D45: =COUNTIF('Token Refresh'!$L$12:$L$999,"Passed") -> 7 | E45: =COUNTIF('Token Refresh'!$L$12:$L$999,"Failed") -> 0 | F45: =COUNTIF('Token Refresh'!$L$12:$L$999,"Pending") -> 0 | G45: =COUNTIF('Token Refresh'!$L$12:$L$999,"N/A") -> 0 | H45: =COUNTIF('Token Refresh'!$A$12:$A$999,"?*") -> 7 | I45: =IF(H45=0,0,D45/H45) -> 1 | J45: F033 | K45: F033_Refresh | L45: warptalk-backend/auth/tests/WarpTalk.AuthService.Tests/TokenServiceTests.cs; warptalk-backend/auth/tests/WarpTalk.AuthService.Tests/AuthCookieControllerTests.cs | M45: xUnit/Moq where implemented
B46: 34 | C46: Membership (Member) | D46: =COUNTIF('Assistant Q&A'!$L$12:$L$999,"Passed") -> 7 | E46: =COUNTIF('Assistant Q&A'!$L$12:$L$999,"Failed") -> 0 | F46: =COUNTIF('Assistant Q&A'!$L$12:$L$999,"Pending") -> 0 | G46: =COUNTIF('Assistant Q&A'!$L$12:$L$999,"N/A") -> 0 | H46: =COUNTIF('Assistant Q&A'!$A$12:$A$999,"?*") -> 7 | I46: =IF(H46=0,0,D46/H46) -> 1 | J46: F034 | K46: F034_Ask | L46: warptalk-ai/tests/test_ai_assistant.py; warptalk-ai/tests/test_chat_agent_loop.py; warptalk-ai/tests/test_suggestion_worker.py | M46: xUnit/Moq where implemented; AI pytest where applicable; Linear WT-371 scope
B47: 35 | C47: Notifications | D47: =COUNTIF('Workspace Knowledge'!$L$12:$L$999,"Passed") -> 7 | E47: =COUNTIF('Workspace Knowledge'!$L$12:$L$999,"Failed") -> 0 | F47: =COUNTIF('Workspace Knowledge'!$L$12:$L$999,"Pending") -> 0 | G47: =COUNTIF('Workspace Knowledge'!$L$12:$L$999,"N/A") -> 0 | H47: =COUNTIF('Workspace Knowledge'!$A$12:$A$999,"?*") -> 7 | I47: =IF(H47=0,0,D47/H47) -> 1 | J47: F035 | K47: F035_GetKnowledge | L47: warptalk-backend/workspace/tests/WarpTalk.WorkspaceService.Tests/WorkspaceKnowledgeServiceTests.cs; warptalk-ai/tests/test_knowledge_fact_worker.py; warptalk-ai/tests/test_embedding_worker.py | M47: xUnit/Moq where implemented; AI pytest where applicable
C48: Sub total | D48: =SUM(D13:D47) -> 227 | E48: =SUM(E13:E47) -> 0 | F48: =SUM(F13:F47) -> 0 | G48: =SUM(G13:G47) -> 0 | H48: =SUM(H13:H47) -> 227
C50: Test coverage | E50: =(D48+E48)*100/(H48-G48) -> 100 | F50: %
C51: Test successful coverage | E51: =D48*100/(H48-G48) -> 100 | F51: %
C53: Evidence note | D53: Statistics are rebuilt from actual WarpTalk feature sheets. Coverage here is workbook execution coverage, not code coverage. Postman is manual only unless collection/Newman export is attached.

Sheet Traceability Matrix
A1: WarpTalk System/API Test Traceability Matrix
A3: Requirement ID | B3: Type | C3: Feature / Function | D3: System/API Sheet | E3: Report5 Testcase Pattern | F3: Unit Sheet | G3: Actual Test File | H3: Evidence Tool | I3: Notes
A4: F001 | B4: FR | C4: LoginAsync | D4: Authentication | E4: F001-xx | F4: F001_Login | G4: warptalk-backend/auth/tests/WarpTalk.AuthService.Tests/AuthServiceTests.cs; warptalk-backend/gateway/tests/WarpTalk.Gateway.Tests/LoginRateLimitPartitioningTests.cs | H4: xUnit/Moq where implemented; manual/API support via Swagger UI/Scalar | I4: Authenticate user with credentials
A5: F002 | B5: FR | C5: Grant | D5: Voice Consent | E5: F002-xx | F5: F002_Grant | G5: warptalk-backend/auth/tests/WarpTalk.AuthService.Tests/VoiceConsentServiceTests.cs | H5: xUnit/Moq where implemented | I5: Save the user's consent decision.
A6: F003 | B6: FR | C6: ChangePassword | D6: Password Management | E6: F003-xx | F6: F003_ChangePassword | G6: warptalk-backend/auth/tests/WarpTalk.AuthService.Tests/ProfileServiceTests.cs | H6: xUnit/Moq where implemented | I6: Process account action: Change Password.
A7: F004 | B7: FR | C7: GetProfile | D7: Profile Management | E7: F004-xx | F7: F004_GetProfile | G7: warptalk-backend/auth/tests/WarpTalk.AuthService.Tests/ProfileServiceTests.cs | H7: xUnit/Moq where implemented | I7: Process account action: Get Profile.
A8: F005 | B8: FR | C8: GetSettings | D8: User Settings | E8: F005-xx | F8: F005_GetSettings | G8: warptalk-backend/auth/tests/WarpTalk.AuthService.Tests/UserSettingsServiceTests.cs | H8: xUnit/Moq where implemented | I8: Process account action: Get Settings.
A9: F006 | B9: FR | C9: AcceptInvitation | D9: Workspace Invitation | E9: F006-xx | F9: F006_AcceptInvitation | G9: warptalk-backend/workspace/tests/WarpTalk.WorkspaceService.Tests/WorkspaceInvitationServiceTests.cs; warptalk-backend/auth/tests/WarpTalk.AuthService.Tests/Integration/AuthControllerIntegrationTests.cs | H9: xUnit/Moq where implemented | I9: Invited user accepts an invitation and joins the workspace.
A10: F007 | B10: FR | C10: CreateWorkspace | D10: Workspace Management | E10: F007-xx | F10: F007_CreateWorkspace | G10: warptalk-backend/workspace/tests/WarpTalk.WorkspaceService.Tests/WorkspaceServiceTests.cs; warptalk-backend/workspace/tests/WarpTalk.WorkspaceService.Tests/WorkspacesControllerTests.cs | H10: xUnit/Moq where implemented; Linear WT-371 scope | I10: Create the requested business record.
A11: F008 | B11: FR | C11: AddDomain | D11: Workspace Domain | E11: F008-xx | F11: F008_AddDomain | G11: warptalk-backend/workspace/tests/WarpTalk.WorkspaceService.Tests/VerifiedDomainServiceTests.cs | H11: xUnit/Moq where implemented | I11: Process workspace action: Add Domain.
A12: F009 | B12: FR | C12: ApproveJoinRequest | D12: Workspace Join Request | E12: F009-xx | F12: F009_ApproveJoinRequest | G12: warptalk-backend/workspace/tests/WarpTalk.WorkspaceService.Tests/WorkspaceInvitationServiceTests.cs; warptalk-backend/workspace/tests/WarpTalk.WorkspaceService.Tests/WorkspaceInvitationsControllerTests.cs | H12: xUnit/Moq where implemented | I12: Process workspace action: Approve Join Request.
A13: F010 | B13: FR | C13: ChangeMemberRole | D13: Workspace Member Role | E13: F010-xx | F13: F010_ChangeMemberRole | G13: warptalk-backend/workspace/tests/WarpTalk.WorkspaceService.Tests/WorkspaceMemberServiceTests.cs; warptalk-backend/workspace/tests/WarpTalk.WorkspaceService.Tests/WorkspaceMembersControllerTests.cs | H13: xUnit/Moq where implemented; Linear WT-371 scope | I13: Process workspace action: Change Member Role.
A14: F011 | B14: FR | C14: AdmitParticipant | D14: Room Participant | E14: F011-xx | F14: F011_AdmitParticipant | G14: warptalk-backend/translation-room/tests/WarpTalk.TranslationRoomService.Tests/Application/Services/ParticipantManagementServiceTests.cs; warptalk-backend/translation-room/tests/WarpTalk.TranslationRoomService.Tests/Application/Services/ParticipantAdmittedPublishTests.cs | H14: xUnit/Moq where implemented; Linear WT-371 scope | I14: Host allows a waiting participant to enter the room.
... A53: LINEAR-WT-349 | B53: Bug scope | C53: Workspace document/billing retention and purge after subscription expiry | D53: Workspace Knowledge; Billing Authorization; Workspace Suspension | E53: scope reference | F53: F035/F021/F031 | G53: See related function rows | H53: Linear issue evidence | I53: Supports billing lifecycle and workspace data retention validation.

Sheet Authentication
A2: Feature | B2: LoginAsync (F001) | R2: Passed
A3: Test requirement | B3: Authenticate user with credentials | R3: Failed
A4: Number of TCs | B4: =COUNTIF(A12:A999,"*F001-*") -> 7 | R4: Pending
A5: Testing Round | B5: Passed | C5: Failed | D5: Pending | E5: N/A | R5: N/A
A6: Round 1 | B6: =COUNTIF($F10:$F978,B5) -> 7 | C6: =COUNTIF($F10:$F978,C5) -> 0 | D6: =COUNTIF($F10:$F978,D5) -> 0 | E6: =COUNTIF($F10:$F978,E5) -> 0
A7: Round 2 | B7: =COUNTIF($I10:$I978,B5) -> 7 | C7: =COUNTIF($F10:$F978,C5) -> 0 | D7: =COUNTIF($F10:$F978,D5) -> 0 | E7: =COUNTIF($F10:$F978,E5) -> 0
A8: Round 3 | B8: =COUNTIF($L10:$L978,B5) -> 7 | C8: =COUNTIF($F10:$F978,C5) -> 0 | D8: =COUNTIF($F10:$F978,D5) -> 0 | E8: =COUNTIF($F10:$F978,E5) -> 0
A10: Test Case ID | B10: Test Case Description | C10: Test Case Procedure | D10: Expected Results | E10: Pre-conditions | F10: Round 1 | G10: Test date | H10: Tester | I10: Round 2 | J10: Test date | K10: Tester | L10: Round 3 | M10: Test date | N10: Tester | O10: Note
A11: LoginAsync
A12: F001-01 | B12: LoginAsync - UTCID01 | C12: Execute LoginAsync. Verify returned result and side effects. | D12: - Expected result returned - Data validated - login successful; secure session created | E12: - User account exists and password is correct. - member01@gmail.com - Password123@ | F12: Passed | G12: 46248 | H12: Huynh Thai Tu | I12: Passed | J12: 46248 | K12: Huynh Thai Tu | L12: Passed | M12: 46248 | N12: Huynh Thai Tu | O12: Type: N
A13: F001-02 | B13: LoginAsync - UTCID02 | C13: Execute LoginAsync. Verify returned result and side effects. | D13: - Expected result returned - Data validated - response does not show refresh token | E13: - Login response must not expose renewal token. - user@example.com - Password123@ | F13: Passed | G13: 46248 | H13: Huynh Thai Tu | I13: Passed | J13: 46248 | K13: Huynh Thai Tu | L13: Passed | M13: 46248 | N13: Huynh Thai Tu | O13: Type: N
A14: F001-03 | B14: LoginAsync - UTCID03 | C14: Execute LoginAsync. Verify returned result and side effects. | D14: - invalid email or password | E14: - Email is not registered in database. - unknown@gmail.com - Password123@ | F14: Passed | G14: 46248 | H14: Huynh Thai Tu | I14: Passed | J14: 46248 | K14: Huynh Thai Tu | L14: Passed | M14: 46248 | N14: Huynh Thai Tu | O14: Type: N
A15: F001-04 | B15: LoginAsync - UTCID04 | C15: Execute LoginAsync. Verify returned result and side effects. | D15: - email is required | E15: - Email field is empty. - empty string - Password123@ | F15: Passed | G15: 46248 | H15: Huynh Thai Tu | I15: Passed | J15: 46248 | K15: Huynh Thai Tu | L15: Passed | M15: 46248 | N15: Huynh Thai Tu | O15: Type: N
A16: F001-05 | B16: LoginAsync - UTCID05 | C16: Execute LoginAsync. Verify returned result and side effects. | D16: - password is required | E16: - member01@gmail.com - empty string | F16: Passed | G16: 46248 | H16: Huynh Thai Tu | I16: Passed | J16: 46248 | K16: Huynh Thai Tu | L16: Passed | M16: 46248 | N16: Huynh Thai Tu | O16: Type: N
A17: F001-06 | B17: LoginAsync - UTCID06 | C17: Execute LoginAsync. Verify returned result and side effects. | D17: - login service unavailable | E17: - user6@example.com - Password623@ | F17: Passed | G17: 46248 | H17: Huynh Thai Tu | I17: Passed | J17: 46248 | K17: Huynh Thai Tu | L17: Passed | M17: 46248 | N17: Huynh Thai Tu | O17: Type: N
A18: F001-07 | B18: LoginAsync - UTCID07 | C18: Execute LoginAsync. Verify returned result and side effects. | D18: - Expected result returned - Data validated - login successful; secure session created | E18: - a@b.c | F18: Passed | G18: 46248 | H18: Huynh Thai Tu | I18: Passed | J18: 46248 | K18: Huynh Thai Tu | L18: Passed | M18: 46248 | N18: Huynh Thai Tu | O18: Type: A

Sheet Voice Consent
A2: Feature | B2: GrantAsync (F002) | R2: Passed
A3: Test requirement | B3: Grant user consent | R3: Failed
A4: Number of TCs | B4: =COUNTIF(A12:A999,"*F002-*") -> 7 | R4: Pending
A5: Testing Round | B5: Passed | C5: Failed | D5: Pending | E5: N/A | R5: N/A
A6: Round 1 | B6: =COUNTIF($F10:$F982,B5) -> 7 | C6: =COUNTIF($F10:$F866,C5) -> 0 | D6: =COUNTIF($F10:$F866,D5) -> 0 | E6: =COUNTIF($F10:$F866,E5) -> 0
A7: Round 2 | B7: =COUNTIF($I10:$I982,B5) -> 7 | C7: =COUNTIF($F10:$F866,C5) -> 0 | D7: =COUNTIF($F10:$F866,D5) -> 0 | E7: =COUNTIF($F10:$F866,E5) -> 0
A8: Round 3 | B8: =COUNTIF($L10:$L982,B5) -> 7 | C8: =COUNTIF($F10:$F866,C5) -> 0 | D8: =COUNTIF($F10:$F866,D5) -> 0 | E8: =COUNTIF($F10:$F866,E5) -> 0
A10: Test Case ID | B10: Test Case Description | C10: Test Case Procedure | D10: Expected Results | E10: Pre-conditions | F10: Round 1 | G10: Test date | H10: Tester | I10: Round 2 | J10: Test date | K10: Tester | L10: Round 3 | M10: Test date | N10: Tester | O10: Note
A11: GrantAsync
A12: F002-01 | B12: GrantAsync - UTCID01 | C12: Execute GrantAsync. Verify returned result and side effects. | D12: - Expected result returned - Data validated - Consent status saved as GRANTED | E12: - User is signed in and consent request exists. - ConsentId=101 - Decision=GRANTED | F12: Passed | G12: 46248 | H12: Huynh Thai Tu | I12: Passed | J12: 46248 | K12: Huynh Thai Tu | L12: Passed | M12: 46248 | N12: Huynh Thai Tu | O12: Type: N
A13: F002-02 | B13: GrantAsync - UTCID02 | C13: Execute GrantAsync. Verify returned result and side effects. | D13: - user must login | E13: - User is not signed in. - ConsentId=101 - LoginToken=empty | F13: Passed | G13: 46248 | H13: Huynh Thai Tu | I13: Passed | J13: 46248 | K13: Huynh Thai Tu | L13: Passed | M13: 46248 | N13: Huynh Thai Tu | O13: Type: N
A14: F002-03 | B14: GrantAsync - UTCID03 | C14: Execute GrantAsync. Verify returned result and side effects. | D14: - consent request not found | E14: - Consent request does not exist. - ConsentId=9999 - Decision=GRANTED | F14: Passed | G14: 46248 | H14: Huynh Thai Tu | I14: Passed | J14: 46248 | K14: Huynh Thai Tu | L14: Passed | M14: 46248 | N14: Huynh Thai Tu | O14: Type: N
A15: F002-04 | B15: GrantAsync - UTCID04 | C15: Execute GrantAsync. Verify returned result and side effects. | D15: - consent already processed | E15: - Consent was already decided. - ConsentId=102 - Decision=already saved | F15: Passed | G15: 46248 | H15: Huynh Thai Tu | I15: Passed | J15: 46248 | K15: Huynh Thai Tu | L15: Passed | M15: 46248 | N15: Huynh Thai Tu | O15: Type: N
A16: F002-05 | B16: GrantAsync - UTCID05 | C16: Execute GrantAsync. Verify returned result and side effects. | D16: - consent wording is required | E16: - empty consent text - Decision=GRANTED | F16: Passed | G16: 46248 | H16: Huynh Thai Tu | I16: Passed | J16: 46248 | K16: Huynh Thai Tu | L16: Passed | M16: 46248 | N16: Huynh Thai Tu | O16: Type: N
A17: F002-06 | B17: GrantAsync - UTCID06 | C17: Execute GrantAsync. Verify returned result and side effects. | D17: - Expected result returned - Data validated - Consent status saved as GRANTED | E17: - ConsentId=103 - Decision=GRANTED; Note=confirmed by user | F17: Passed | G17: 46248 | H17: Huynh Thai Tu | I17: Passed | J17: 46248 | K17: Huynh Thai Tu | L17: Passed | M17: 46248 | N17: Huynh Thai Tu | O17: Type: N
A18: F002-07 | B18: GrantAsync - UTCID07 | C18: Execute GrantAsync. Verify returned result and side effects. | D18: - Expected result returned - Data validated - Consent status saved as GRANTED | E18: - Consent note 100 chars | F18: Passed | G18: 46248 | H18: Huynh Thai Tu | I18: Passed | J18: 46248 | K18: Huynh Thai Tu | L18: Passed | M18: 46248 | N18: Huynh Thai Tu | O18: Type: N

Sheet Password Management
A2: Feature | B2: ChangePasswordAsync (F003) | R2: Passed
A3: Test requirement | B3: Handle user account action: Change Password | R3: Failed
A4: Number of TCs | B4: =COUNTIF(A12:A990,"*F003-*") -> 7 | R4: Pending
A5: Testing Round | B5: Passed | C5: Failed | D5: Pending | E5: N/A | R5: N/A
A6: Round 1 | B6: =COUNTIF($F10:$F973,B5) -> 7 | C6: =COUNTIF($F10:$F985,C5) -> 0 | D6: =COUNTIF($F10:$F985,D5) -> 0 | E6: =COUNTIF($F10:$F985,E5) -> 0
A7: Round 2 | B7: =COUNTIF($I10:$I973,B5) -> 7 | C7: =COUNTIF($F10:$F985,C5) -> 0 | D7: =COUNTIF($F10:$F985,D5) -> 0 | E7: =COUNTIF($F10:$F985,E5) -> 0
A8: Round 3 | B8: =COUNTIF($L10:$L973,B5) -> 7 | C8: =COUNTIF($F10:$F985,C5) -> 0 | D8: =COUNTIF($F10:$F985,D5) -> 0 | E8: =COUNTIF($F10:$F985,E5) -> 0
A10: Test Case ID | B10: Test Case Description | C10: Test Case Procedure | D10: Expected Results | E10: Pre-conditions | F10: Round 1 | G10: Test date | H10: Tester | I10: Round 2 | J10: Test date | K10: Tester | L10: Round 3 | M10: Test date | N10: Tester | O10: Note
A11: ChangePasswordAsync
A12: F003-01 | B12: ChangePasswordAsync - UTCID01 | C12: Execute ChangePasswordAsync. Verify returned result and side effects. | D12: - Expected result returned - Data validated - request is accepted and data is saved/returned correctly | E12: - User account data is available and request is valid. - RecordId=5 - Valid user account / login session data | F12: Passed | G12: 46248 | H12: Huynh Thai Tu | I12: Passed | J12: 46248 | K12: Huynh Thai Tu | L12: Passed | M12: 46248 | N12: Huynh Thai Tu | O12: Type: N
A13: F003-02 | B13: ChangePasswordAsync - UTCID02 | C13: Execute ChangePasswordAsync. Verify returned result and side effects. | D13: - service temporarily unavailable | E13: - A dependent service is unavailable. - RecordId=6 - ServiceStatus=unavailable | F13: Passed | G13: 46248 | H13: Huynh Thai Tu | I13: Passed | J13: 46248 | K13: Huynh Thai Tu | L13: Passed | M13: 46248 | N13: Huynh Thai Tu | O13: Type: N
A14: F003-03 | B14: ChangePasswordAsync - UTCID03 | C14: Execute ChangePasswordAsync. Verify returned result and side effects. | D14: - service temporarily unavailable | E14: - A dependent service is unavailable. - RecordId=7 - ServiceStatus=unavailable | F14: Passed | G14: 46248 | H14: Huynh Thai Tu | I14: Passed | J14: 46248 | K14: Huynh Thai Tu | L14: Passed | M14: 46248 | N14: Huynh Thai Tu | O14: Type: N
A15: F003-04 | B15: ChangePasswordAsync - UTCID04 | C15: Execute ChangePasswordAsync. Verify returned result and side effects. | D15: - service temporarily unavailable | E15: - A dependent service is unavailable. - RecordId=8 - ServiceStatus=unavailable | F15: Passed | G15: 46248 | H15: Huynh Thai Tu | I15: Passed | J15: 46248 | K15: Huynh Thai Tu | L15: Passed | M15: 46248 | N15: Huynh Thai Tu | O15: Type: N
A16: F003-05 | B16: ChangePasswordAsync - UTCID05 | C16: Execute ChangePasswordAsync. Verify returned result and side effects. | D16: - service temporarily unavailable | E16: - A dependent service is unavailable. - RecordId=9 - ServiceStatus=unavailable | F16: Passed | G16: 46248 | H16: Huynh Thai Tu | I16: Passed | J16: 46248 | K16: Huynh Thai Tu | L16: Passed | M16: 46248 | N16: Huynh Thai Tu | O16: Type: N
A17: F003-06 | B17: ChangePasswordAsync - UTCID06 | C17: Execute ChangePasswordAsync. Verify returned result and side effects. | D17: - service temporarily unavailable | E17: - A dependent service is unavailable. - RecordId=5 - ServiceStatus=unavailable | F17: Passed | G17: 46248 | H17: Huynh Thai Tu | I17: Passed | J17: 46248 | K17: Huynh Thai Tu | L17: Passed | M17: 46248 | N17: Huynh Thai Tu | O17: Type: N
A18: F003-07 | B18: ChangePasswordAsync - UTCID07 | C18: Execute ChangePasswordAsync. Verify returned result and side effects. | D18: - Expected result returned - Data validated - request is accepted at boundary value | E18: - Input is at accepted boundary value. - Page=1; PageSize=100 | F18: Passed | G18: 46248 | H18: Huynh Thai Tu | I18: Passed | J18: 46248 | K18: Huynh Thai Tu | L18: Passed | M18: 46248 | N18: Huynh Thai Tu | O18: Type: N

Sheet Profile Management
A2: Feature | B2: GetProfileAsync (F004) | R2: Passed
A3: Test requirement | B3: Handle user account action: Get Profile | R3: Failed
A4: Number of TCs | B4: =COUNTIF(A12:A993,"*F004-*") -> 6 | R4: Pending
A5: Testing Round | B5: Passed | C5: Failed | D5: Pending | E5: N/A | R5: N/A
A6: Round 1 | B6: =COUNTIF($F10:$F976,B5) -> 6 | C6: =COUNTIF($F10:$F985,C5) -> 0 | D6: =COUNTIF($F10:$F985,D5) -> 0 | E6: =COUNTIF($F10:$F985,E5) -> 0
A7: Round 2 | B7: =COUNTIF($I10:$I976,B5) -> 6 | C7: =COUNTIF($F10:$F985,C5) -> 0 | D7: =COUNTIF($F10:$F985,D5) -> 0 | E7: =COUNTIF($F10:$F985,E5) -> 0
A8: Round 3 | B8: =COUNTIF($L10:$L976,B5) -> 6 | C8: =COUNTIF($F10:$F985,C5) -> 0 | D8: =COUNTIF($F10:$F985,D5) -> 0 | E8: =COUNTIF($F10:$F985,E5) -> 0
A10: Test Case ID | B10: Test Case Description | C10: Test Case Procedure | D10: Expected Results | E10: Pre-conditions | F10: Round 1 | G10: Test date | H10: Tester | I10: Round 2 | J10: Test date | K10: Tester | L10: Round 3 | M10: Test date | N10: Tester | O10: Note
A11: GetProfileAsync
A12: F004-01 | B12: GetProfileAsync - UTCID01 | C12: Execute GetProfileAsync. Verify returned result and side effects. | D12: - Expected result returned - Data validated - request is accepted and data is saved/returned correctly | E12: - User account data is available and request is valid. - RecordId=5 - Valid user account / login session data | F12: Passed | G12: 46248 | H12: Huynh Thai Tu | I12: Passed | J12: 46248 | K12: Huynh Thai Tu | L12: Passed | M12: 46248 | N12: Huynh Thai Tu | O12: Type: N
A13: F004-02 | B13: GetProfileAsync - UTCID02 | C13: Execute GetProfileAsync. Verify returned result and side effects. | D13: - user must login | E13: - User is not signed in or login token is missing. - LoginToken=empty - Role=unknown | F13: Passed | G13: 46248 | H13: Huynh Thai Tu | I13: Passed | J13: 46248 | K13: Huynh Thai Tu | L13: Passed | M13: 46248 | N13: Huynh Thai Tu | O13: Type: N
A14: F004-03 | B14: GetProfileAsync - UTCID03 | C14: Execute GetProfileAsync. Verify returned result and side effects. | D14: - service temporarily unavailable | E14: - A dependent service is unavailable. - RecordId=7 - ServiceStatus=unavailable | F14: Passed | G14: 46248 | H14: Huynh Thai Tu | I14: Passed | J14: 46248 | K14: Huynh Thai Tu | L14: Passed | M14: 46248 | N14: Huynh Thai Tu | O14: Type: N
A15: F004-04 | B15: GetProfileAsync - UTCID04 | C15: Execute GetProfileAsync. Verify returned result and side effects. | D15: - service temporarily unavailable | E15: - A dependent service is unavailable. - RecordId=8 - ServiceStatus=unavailable | F15: Passed | G15: 46248 | H15: Huynh Thai Tu | I15: Passed | J15: 46248 | K15: Huynh Thai Tu | L15: Passed | M15: 46248 | N15: Huynh Thai Tu | O15: Type: N
A16: F004-05 | B16: GetProfileAsync - UTCID05 | C16: Execute GetProfileAsync. Verify returned result and side effects. | D16: - service temporarily unavailable | E16: - A dependent service is unavailable. - RecordId=9 - ServiceStatus=unavailable | F16: Passed | G16: 46248 | H16: Huynh Thai Tu | I16: Passed | J16: 46248 | K16: Huynh Thai Tu | L16: Passed | M16: 46248 | N16: Huynh Thai Tu | O16: Type: N
A17: F004-06 | B17: GetProfileAsync - UTCID06 | C17: Execute GetProfileAsync. Verify returned result and side effects. | D17: - service temporarily unavailable | E17: - A dependent service is unavailable. - RecordId=10 - ServiceStatus=unavailable | F17: Passed | G17: 46248 | H17: Huynh Thai Tu | I17: Passed | J17: 46248 | K17: Huynh Thai Tu | L17: Passed | M17: 46248 | N17: Huynh Thai Tu | O17: Type: N

Sheet User Settings
A2: Feature | B2: GetSettingsAsync (F005) | R2: Passed
A3: Test requirement | B3: Handle user account action: Get Settings | R3: Failed
A4: Number of TCs | B4: =COUNTIF(A12:A976,"*F005-*") -> 7 | R4: Pending
A5: Testing Round | B5: Passed | C5: Failed | D5: Pending | E5: N/A | R5: N/A
A6: Round 1 | B6: =COUNTIF($F10:$F959,B5) -> 7 | C6: =COUNTIF($F10:$F972,C5) -> 0 | D6: =COUNTIF($F10:$F972,D5) -> 0 | E6: =COUNTIF($F10:$F972,E5) -> 0
A7: Round 2 | B7: =COUNTIF($I10:$I959,B5) -> 7 | C7: =COUNTIF($F10:$F972,C5) -> 0 | D7: =COUNTIF($F10:$F972,D5) -> 0 | E7: =COUNTIF($F10:$F972,E5) -> 0
A8: Round 3 | B8: =COUNTIF($L10:$L959,B5) -> 7 | C8: =COUNTIF($F10:$F972,C5) -> 0 | D8: =COUNTIF($F10:$F972,D5) -> 0 | E8: =COUNTIF($F10:$F972,E5) -> 0
A10: Test Case ID | B10: Test Case Description | C10: Test Case Procedure | D10: Expected Results | E10: Pre-conditions | F10: Round 1 | G10: Test date | H10: Tester | I10: Round 2 | J10: Test date | K10: Tester | L10: Round 3 | M10: Test date | N10: Tester | O10: Note
A11: GetSettingsAsync
A12: F005-01 | B12: GetSettingsAsync - UTCID01 | C12: Execute GetSettingsAsync. Verify returned result and side effects. | D12: - Expected result returned - Data validated - request is accepted and data is saved/returned correctly | E12: - User account data is available and request is valid. - RecordId=5 - Valid user account / login session data | F12: Passed | G12: 46248 | H12: Huynh Thai Tu | I12: Passed | J12: 46248 | K12: Huynh Thai Tu | L12: Passed | M12: 46248 | N12: Huynh Thai Tu | O12: Type: N
A13: F005-02 | B13: GetSettingsAsync - UTCID02 | C13: Execute GetSettingsAsync. Verify returned result and side effects. | D13: - service temporarily unavailable | E13: - A dependent service is unavailable. - RecordId=6 - ServiceStatus=unavailable | F13: Passed | G13: 46248 | H13: Huynh Thai Tu | I13: Passed | J13: 46248 | K13: Huynh Thai Tu | L13: Passed | M13: 46248 | N13: Huynh Thai Tu | O13: Type: N
A14: F005-03 | B14: GetSettingsAsync - UTCID03 | C14: Execute GetSettingsAsync. Verify returned result and side effects. | D14: - user has no permission | E14: - User is signed in but does not have the required role. - Role=MEMBER - RequiredRole=ADMIN | F14: Passed | G14: 46248 | H14: Huynh Thai Tu | I14: Passed | J14: 46248 | K14: Huynh Thai Tu | L14: Passed | M14: 46248 | N14: Huynh Thai Tu | O14: Type: N
A15: F005-04 | B15: GetSettingsAsync - UTCID04 | C15: Execute GetSettingsAsync. Verify returned result and side effects. | D15: - the requested data was not found | E15: - Requested data does not exist. - RecordId=9999 - Status=not found | F15: Passed | G15: 46248 | H15: Huynh Thai Tu | I15: Passed | J15: 46248 | K15: Huynh Thai Tu | L15: Passed | M15: 46248 | N15: Huynh Thai Tu | O15: Type: A
A16: F005-05 | B16: GetSettingsAsync - UTCID05 | C16: Execute GetSettingsAsync. Verify returned result and side effects. | D16: - service temporarily unavailable | E16: - A dependent service is unavailable. - RecordId=9 - ServiceStatus=unavailable | F16: Passed | G16: 46248 | H16: Huynh Thai Tu | I16: Passed | J16: 46248 | K16: Huynh Thai Tu | L16: Passed | M16: 46248 | N16: Huynh Thai Tu | O16: Type: N
A17: F005-06 | B17: GetSettingsAsync - UTCID06 | C17: Execute GetSettingsAsync. Verify returned result and side effects. | D17: - service temporarily unavailable | E17: - A dependent service is unavailable. - RecordId=5 - ServiceStatus=unavailable | F17: Passed | G17: 46248 | H17: Huynh Thai Tu | I17: Passed | J17: 46248 | K17: Huynh Thai Tu | L17: Passed | M17: 46248 | N17: Huynh Thai Tu | O17: Type: N
A18: F005-07 | B18: GetSettingsAsync - UTCID07 | C18: Execute GetSettingsAsync. Verify returned result and side effects. | D18: - service temporarily unavailable | E18: - A dependent service is unavailable. - RecordId=11 | F18: Passed | G18: 46248 | H18: Huynh Thai Tu | I18: Passed | J18: 46248 | K18: Huynh Thai Tu | L18: Passed | M18: 46248 | N18: Huynh Thai Tu | O18: Type: N

Sheet Workspace Invitation
A2: Feature | B2: AcceptInvitationAsync (F006) | R2: Passed
A3: Test requirement | B3: Handle user account action: Get Settings | R3: Failed
A4: Number of TCs | B4: =COUNTIF(A12:A924,"*F006-*") -> 7 | R4: Pending
A5: Testing Round | B5: Passed | C5: Failed | D5: Pending | E5: N/A | R5: N/A
A6: Round 1 | B6: =COUNTIF($F10:$F907,B5) -> 7 | C6: =COUNTIF($F10:$F940,C5) -> 0 | D6: =COUNTIF($F10:$F940,D5) -> 0 | E6: =COUNTIF($F10:$F940,E5) -> 0
A7: Round 2 | B7: =COUNTIF($I10:$I907,B5) -> 7 | C7: =COUNTIF($F10:$F940,C5) -> 0 | D7: =COUNTIF($F10:$F940,D5) -> 0 | E7: =COUNTIF($F10:$F940,E5) -> 0
A8: Round 3 | B8: =COUNTIF($L10:$L907,B5) -> 7 | C8: =COUNTIF($F10:$F940,C5) -> 0 | D8: =COUNTIF($F10:$F940,D5) -> 0 | E8: =COUNTIF($F10:$F940,E5) -> 0
A10: Test Case ID | B10: Test Case Description | C10: Test Case Procedure | D10: Expected Results | E10: Pre-conditions | F10: Round 1 | G10: Test date | H10: Tester | I10: Round 2 | J10: Test date | K10: Tester | L10: Round 3 | M10: Test date | N10: Tester | O10: Note
A11: AcceptInvitationAsync
A12: F006-01 | B12: AcceptInvitationAsync - UTCID01 | C12: Execute AcceptInvitationAsync. Verify returned result and side effects. | D12: - Expected result returned - Data validated - Workspace request completed successfully | E12: - Workspace exists and user has permission. - WorkspaceId=5 - Action=ACCEPT_INVITATION; Role=ADMIN | F12: Passed | G12: 46248 | H12: Tran Manh Tuan | I12: Passed | J12: 46248 | K12: Tran Manh Tuan | L12: Passed | M12: 46248 | N12: Tran Manh Tuan | O12: Type: N
A13: F006-02 | B13: AcceptInvitationAsync - UTCID02 | C13: Execute AcceptInvitationAsync. Verify returned result and side effects. | D13: - user must login | E13: - User is not signed in. - LoginToken=empty - Action=ACCEPT_INVITATION | F13: Passed | G13: 46248 | H13: Tran Manh Tuan | I13: Passed | J13: 46248 | K13: Tran Manh Tuan | L13: Passed | M13: 46248 | N13: Tran Manh Tuan | O13: Type: A
A14: F006-03 | B14: AcceptInvitationAsync - UTCID03 | C14: Execute AcceptInvitationAsync. Verify returned result and side effects. | D14: - user has no permission | E14: - User role is not allowed. - WorkspaceId=5 - Role=MEMBER | F14: Passed | G14: 46248 | H14: Tran Manh Tuan | I14: Passed | J14: 46248 | K14: Tran Manh Tuan | L14: Passed | M14: 46248 | N14: Tran Manh Tuan | O14: Type: A
A15: F006-04 | B15: AcceptInvitationAsync - UTCID04 | C15: Execute AcceptInvitationAsync. Verify returned result and side effects. | D15: - workspace not found | E15: - Workspace does not exist. - WorkspaceId=9999 - Action=ACCEPT_INVITATION | F15: Passed | G15: 46248 | H15: Tran Manh Tuan | I15: Passed | J15: 46248 | K15: Tran Manh Tuan | L15: Passed | M15: 46248 | N15: Tran Manh Tuan | O15: Type: A
A16: F006-05 | B16: AcceptInvitationAsync - UTCID05 | C16: Execute AcceptInvitationAsync. Verify returned result and side effects. | D16: - workspace id is required | E16: - WorkspaceId=empty - Action=ACCEPT_INVITATION | F16: Passed | G16: 46248 | H16: Tran Manh Tuan | I16: Passed | J16: 46248 | K16: Tran Manh Tuan | L16: Passed | M16: 46248 | N16: Tran Manh Tuan | O16: Type: A
A17: F006-06 | B17: AcceptInvitationAsync - UTCID06 | C17: Execute AcceptInvitationAsync. Verify returned result and side effects. | D17: - workspace already processed | E17: - WorkspaceId=6 - Status=SUSPENDED | F17: Passed | G17: 46248 | H17: Tran Manh Tuan | I17: Passed | J17: 46248 | K17: Tran Manh Tuan | L17: Passed | M17: 46248 | N17: Tran Manh Tuan | O17: Type: N
A18: F006-07 | B18: AcceptInvitationAsync - UTCID07 | C18: Execute AcceptInvitationAsync. Verify returned result and side effects. | D18: - Expected result returned - Data validated | E18: - Page=1 | F18: Passed | G18: 46248 | H18: Tran Manh Tuan | I18: Passed | J18: 46248 | K18: Tran Manh Tuan | L18: Passed | M18: 46248 | N18: Tran Manh Tuan | O18: Type: N

Sheet Workspace Management
A2: Feature | B2: CreateWorkspaceAsync (F007) | R2: Passed
A3: Test requirement | B3: Create workspace | R3: Failed
A4: Number of TCs | B4: =COUNTIF(A12:A999,"*F007-*") -> 7 | R4: Pending
A5: Testing Round | B5: Passed | C5: Failed | D5: Pending | E5: N/A | R5: N/A
A6: Round 1 | B6: =COUNTIF($F10:$F888,B5) -> 7 | C6: =COUNTIF($F10:$F900,C5) -> 0 | D6: =COUNTIF($F10:$F900,D5) -> 0 | E6: =COUNTIF($F10:$F900,E5) -> 0
A7: Round 2 | B7: =COUNTIF($I10:$I888,B5) -> 7 | C7: =COUNTIF($F10:$F900,C5) -> 0 | D7: =COUNTIF($F10:$F900,D5) -> 0 | E7: =COUNTIF($F10:$F900,E5) -> 0
A8: Round 3 | B8: =COUNTIF($L10:$L888,B5) -> 7 | C8: =COUNTIF($F10:$F900,C5) -> 0 | D8: =COUNTIF($F10:$F900,D5) -> 0 | E8: =COUNTIF($F10:$F900,E5) -> 0
A10: Test Case ID | B10: Test Case Description | C10: Test Case Procedure | D10: Expected Results | E10: Pre-conditions | F10: Round 1 | G10: Test date | H10: Tester | I10: Round 2 | J10: Test date | K10: Tester | L10: Round 3 | M10: Test date | N10: Tester | O10: Note
A11: CreateWorkspaceAsync
A12: F007-01 | B12: CreateWorkspaceAsync - UTCID01 | C12: Execute CreateWorkspaceAsync. Verify returned result and side effects. | D12: - Expected result returned - Data validated - request is accepted and data is saved/returned correctly | E12: - Required input information is valid. - RecordId=5 - Valid workspace member / workspace data data | F12: Passed | G12: 46248 | H12: Huỳnh Thái Tú | I12: Passed | J12: 46248 | K12: Huỳnh Thái Tú | L12: Passed | M12: 46248 | N12: Huỳnh Thái Tú | O12: Type: N
A13: F007-02 | B13: CreateWorkspaceAsync - UTCID02 | C13: Execute CreateWorkspaceAsync. Verify returned result and side effects. | D13: - user must login | E13: - User is not signed in or login token is missing. - LoginToken=empty - Role=unknown | F13: Passed | G13: 46248 | H13: Huỳnh Thái Tú | I13: Passed | J13: 46248 | K13: Huỳnh Thái Tú | L13: Passed | M13: 46248 | N13: Huỳnh Thái Tú | O13: Type: N
A14: F007-03 | B14: CreateWorkspaceAsync - UTCID03 | C14: Execute CreateWorkspaceAsync. Verify returned result and side effects. | D14: - user has no permission | E14: - User is signed in but does not have the required role. - Role=MEMBER - RequiredRole=ADMIN | F14: Passed | G14: 46248 | H14: Huỳnh Thái Tú | I14: Passed | J14: 46248 | K14: Huỳnh Thái Tú | L14: Passed | M14: 46248 | N14: Huỳnh Thái Tú | O14: Type: N
A15: F007-04 | B15: CreateWorkspaceAsync - UTCID04 | C15: Execute CreateWorkspaceAsync. Verify returned result and side effects. | D15: - requested data not found | E15: - Requested data does not exist. - RecordId=9999 - Status=not found | F15: Passed | G15: 46248 | H15: Huỳnh Thái Tú | I15: Passed | J15: 46248 | K15: Huỳnh Thái Tú | L15: Passed | M15: 46248 | N15: Huỳnh Thái Tú | O15: Type: N
A16: F007-05 | B16: CreateWorkspaceAsync - UTCID05 | C16: Execute CreateWorkspaceAsync. Verify returned result and side effects. | D16: - invalid request data | E16: - RecordId=9 - Invalid field value | F16: Passed | G16: 46248 | H16: Huỳnh Thái Tú | I16: Passed | J16: 46248 | K16: Huỳnh Thái Tú | L16: Passed | M16: 46248 | N16: Huỳnh Thái Tú | O16: Type: N
A17: F007-06 | B17: CreateWorkspaceAsync - UTCID06 | C17: Execute CreateWorkspaceAsync. Verify returned result and side effects. | D17: - service temporarily unavailable | E17: - RecordId=10 - ServiceStatus=unavailable | F17: Passed | G17: 46248 | H17: Huỳnh Thái Tú | I17: Passed | J17: 46248 | K17: Huỳnh Thái Tú | L17: Passed | M17: 46248 | N17: Huỳnh Thái Tú | O17: Type: N
A18: F007-07 | B18: CreateWorkspaceAsync - UTCID07 | C18: Execute CreateWorkspaceAsync. Verify returned result and side effects. | D18: - Expected result returned - Data validated | E18: - Page=1; PageSize=100 | F18: Passed | G18: 46248 | H18: Huỳnh Thái Tú | I18: Passed | J18: 46248 | K18: Huỳnh Thái Tú | L18: Passed | M18: 46248 | N18: Huỳnh Thái Tú | O18: Type: A

Sheet Workspace Domain
A2: Feature | B2: AddDomain (F008) | R2: Passed
A3: Test requirement | B3: Handle workspace action: Add Domain | R3: Failed
A4: Number of TCs | B4: =COUNTIF(A12:A915,"*F008-*") -> 5 | R4: Pending
A5: Testing Round | B5: Passed | C5: Failed | D5: Pending | E5: N/A | R5: N/A
A6: Round 1 | B6: =COUNTIF($F10:$F898,B5) -> 5 | C6: =COUNTIF($F10:$F903,C5) -> 0 | D6: =COUNTIF($F10:$F903,D5) -> 0 | E6: =COUNTIF($F10:$F903,E5) -> 0
A7: Round 2 | B7: =COUNTIF($I10:$I898,B5) -> 5 | C7: =COUNTIF($F10:$F903,C5) -> 0 | D7: =COUNTIF($F10:$F903,D5) -> 0 | E7: =COUNTIF($F10:$F903,E5) -> 0
A8: Round 3 | B8: =COUNTIF($L10:$L898,B5) -> 5 | C8: =COUNTIF($F10:$F903,C5) -> 0 | D8: =COUNTIF($F10:$F903,D5) -> 0 | E8: =COUNTIF($F10:$F903,E5) -> 0
A10: Test Case ID | B10: Test Case Description | C10: Test Case Procedure | D10: Expected Results | E10: Pre-conditions | F10: Round 1 | G10: Test date | H10: Tester | I10: Round 2 | J10: Test date | K10: Tester | L10: Round 3 | M10: Test date | N10: Tester | O10: Note
A11: AddDomain
A12: F008-01 | B12: AddDomain - UTCID01 | C12: Execute AddDomain. Verify returned result and side effects. | D12: - Expected result returned - Data validated - request is accepted and data is saved/returned correctly | E12: - Workspace and member data exist. - RecordId=5 - Valid workspace member / workspace data data | F12: Passed | G12: 46248 | H12: Ngo Xuan Hanh Nhi | I12: Passed | J12: 46248 | K12: Ngo Xuan Hanh Nhi | L12: Passed | M12: 46248 | N12: Ngo Xuan Hanh Nhi | O12: Type: N
A13: F008-02 | B13: AddDomain - UTCID02 | C13: Execute AddDomain. Verify returned result and side effects. | D13: - user must login | E13: - User is not signed in or login token is missing. - LoginToken=empty - Role=unknown | F13: Passed | G13: 46248 | H13: Ngo Xuan Hanh Nhi | I13: Passed | J13: 46248 | K13: Ngo Xuan Hanh Nhi | L13: Passed | M13: 46248 | N13: Ngo Xuan Hanh Nhi | O13: Type: A
A14: F008-03 | B14: AddDomain - UTCID03 | C14: Execute AddDomain. Verify returned result and side effects. | D14: - user has no permission | E14: - User is signed in but does not have the required role. - Role=MEMBER - RequiredRole=ADMIN | F14: Passed | G14: 46248 | H14: Ngo Xuan Hanh Nhi | I14: Passed | J14: 46248 | K14: Ngo Xuan Hanh Nhi | L14: Passed | M14: 46248 | N14: Ngo Xuan Hanh Nhi | O14: Type: B
A15: F008-04 | B15: AddDomain - UTCID04 | C15: Execute AddDomain. Verify returned result and side effects. | D15: - requested data not found | E15: - Requested data does not exist. - RecordId=9999 - Status=not found | F15: Passed | G15: 46248 | H15: Ngo Xuan Hanh Nhi | I15: Passed | J15: 46248 | K15: Ngo Xuan Hanh Nhi | L15: Passed | M15: 46248 | N15: Ngo Xuan Hanh Nhi | O15: Type: A
A16: F008-05 | B16: AddDomain - UTCID05 | C16: Execute AddDomain. Verify returned result and side effects. | D16: - invalid request data | E16: - RecordId=5 - Required field is empty | F16: Passed | G16: 46248 | H16: Ngo Xuan Hanh Nhi | I16: Passed | J16: 46248 | K16: Ngo Xuan Hanh Nhi | L16: Passed | M16: 46248 | N16: Ngo Xuan Hanh Nhi | O16: Type: B

Sheet Workspace Join Request
A2: Feature | B2: ApproveJoinRequestAsync (F009) | R2: Passed
A3: Test requirement | B3: Handle workspace action: Approve Join Request | R3: Failed
A4: Number of TCs | B4: =COUNTIF(A12:A963,"*F009-*") -> 5 | R4: Pending
A5: Testing Round | B5: Passed | C5: Failed | D5: Pending | E5: N/A | R5: N/A
A6: Round 1 | B6: =COUNTIF($F10:$F946,B5) -> 5 | C6: =COUNTIF($F10:$F964,C5) -> 0 | D6: =COUNTIF($F10:$F964,D5) -> 0 | E6: =COUNTIF($F10:$F964,E5) -> 0
A7: Round 2 | B7: =COUNTIF($I10:$I946,B5) -> 5 | C7: =COUNTIF($F10:$F964,C5) -> 0 | D7: =COUNTIF($F10:$F964,D5) -> 0 | E7: =COUNTIF($F10:$F964,E5) -> 0
A8: Round 3 | B8: =COUNTIF($L10:$L946,B5) -> 5 | C8: =COUNTIF($F10:$F964,C5) -> 0 | D8: =COUNTIF($F10:$F964,D5) -> 0 | E8: =COUNTIF($F10:$F964,E5) -> 0
A10: Test Case ID | B10: Test Case Description | C10: Test Case Procedure | D10: Expected Results | E10: Pre-conditions | F10: Round 1 | G10: Test date | H10: Tester | I10: Round 2 | J10: Test date | K10: Tester | L10: Round 3 | M10: Test date | N10: Tester | O10: Note
A11: ApproveJoinRequestAsync
A12: F009-01 | B12: ApproveJoinRequestAsync - UTCID01 | C12: Execute ApproveJoinRequestAsync. Verify returned result and side effects. | D12: - Expected result returned - Data validated - request is accepted and data is saved/returned correctly | E12: - Workspace and member data exist. - RecordId=5 - Valid workspace member / workspace data data | F12: Passed | G12: 46248 | H12: Tran Manh Tuan | I12: Passed | J12: 46248 | K12: Tran Manh Tuan | L12: Passed | M12: 46248 | N12: Tran Manh Tuan | O12: Type: N
A13: F009-02 | B13: ApproveJoinRequestAsync - UTCID02 | C13: Execute ApproveJoinRequestAsync. Verify returned result and side effects. | D13: - Expected result returned - Data validated - request is rejected because the user has no permission | E13: - User is signed in but does not have the required role. - Role=MEMBER - RequiredRole=ADMIN | F13: Passed | G13: 46248 | H13: Tran Manh Tuan | I13: Passed | J13: 46248 | K13: Tran Manh Tuan | L13: Passed | M13: 46248 | N13: Tran Manh Tuan | O13: Type: A
A14: F009-03 | B14: ApproveJoinRequestAsync - UTCID03 | C14: Execute ApproveJoinRequestAsync. Verify returned result and side effects. | D14: - user has no permission | E14: - User is signed in but does not have the required role. - WorkspaceId=12 - MemberRole=ADMIN; Action=APPROVE JOIN REQUEST | F14: Passed | G14: 46248 | H14: Tran Manh Tuan | I14: Passed | J14: 46248 | K14: Tran Manh Tuan | L14: Passed | M14: 46248 | N14: Tran Manh Tuan | O14: Type: N
A15: F009-04 | B15: ApproveJoinRequestAsync - UTCID04 | C15: Execute ApproveJoinRequestAsync. Verify returned result and side effects. | D15: - invalid request data | E15: - Request data is invalid or not allowed. - RecordId=8 - Invalid field value | F15: Passed | G15: 46248 | H15: Tran Manh Tuan | I15: Passed | J15: 46248 | K15: Tran Manh Tuan | L15: Passed | M15: 46248 | N15: Tran Manh Tuan | O15: Type: A
A16: F009-05 | B16: ApproveJoinRequestAsync - UTCID05 | C16: Execute ApproveJoinRequestAsync. Verify returned result and side effects. | D16: - invalid request data | E16: - Request data is invalid or missing. - RecordId=5 - Required field is empty | F16: Passed | G16: 46248 | H16: Tran Manh Tuan | I16: Passed | J16: 46248 | K16: Tran Manh Tuan | L16: Passed | M16: 46248 | N16: Tran Manh Tuan | O16: Type: N

Sheet Workspace Member Role
A2: Feature | B2: ChangeMemberRole (F010) | R2: Passed
A3: Test requirement | B3: Handle workspace action: Change Member Role | R3: Failed
A4: Number of TCs | B4: =COUNTIF(A12:A1001,"*F010-*") -> 6 | R4: Pending
A5: Testing Round | B5: Passed | C5: Failed | D5: Pending | E5: N/A | R5: N/A
A6: Round 1 | B6: =COUNTIF($F10:$F984,B5) -> 6 | C6: =COUNTIF($F10:$F987,C5) -> 0 | D6: =COUNTIF($F10:$F987,D5) -> 0 | E6: =COUNTIF($F10:$F987,E5) -> 0
A7: Round 2 | B7: =COUNTIF($I10:$I984,B5) -> 6 | C7: =COUNTIF($F10:$F987,C5) -> 0 | D7: =COUNTIF($F10:$F987,D5) -> 0 | E7: =COUNTIF($F10:$F987,E5) -> 0
A8: Round 3 | B8: =COUNTIF($L10:$L984,B5) -> 6 | C8: =COUNTIF($F10:$F987,C5) -> 0 | D8: =COUNTIF($F10:$F987,D5) -> 0 | E8: =COUNTIF($F10:$F987,E5) -> 0
A10: Test Case ID | B10: Test Case Description | C10: Test Case Procedure | D10: Expected Results | E10: Pre-conditions | F10: Round 1 | G10: Test date | H10: Tester | I10: Round 2 | J10: Test date | K10: Tester | L10: Round 3 | M10: Test date | N10: Tester | O10: Note
A11: ChangeMemberRole
A12: F010-01 | B12: ChangeMemberRole - UTCID01 | C12: Execute ChangeMemberRole. Verify returned result and side effects. | D12: - Expected result returned - Data validated - request is accepted and data is saved/returned correctly | E12: - Workspace and member data exist. - RecordId=5 - Valid workspace member / workspace data data | F12: Passed | G12: 46248 | H12: Tran Manh Tuan | I12: Passed | J12: 46248 | K12: Tran Manh Tuan | L12: Passed | M12: 46248 | N12: Tran Manh Tuan | O12: Type: N
A13: F010-02 | B13: ChangeMemberRole - UTCID02 | C13: Execute ChangeMemberRole. Verify returned result and side effects. | D13: - user must login | E13: - User is not signed in or login token is missing. - LoginToken=empty - Role=unknown | F13: Passed | G13: 46248 | H13: Tran Manh Tuan | I13: Passed | J13: 46248 | K13: Tran Manh Tuan | L13: Passed | M13: 46248 | N13: Tran Manh Tuan | O13: Type: B
A14: F010-03 | B14: ChangeMemberRole - UTCID03 | C14: Execute ChangeMemberRole. Verify returned result and side effects. | D14: - user has no permission | E14: - User is signed in but does not have the required role. - Role=MEMBER - RequiredRole=ADMIN | F14: Passed | G14: 46248 | H14: Tran Manh Tuan | I14: Passed | J14: 46248 | K14: Tran Manh Tuan | L14: Passed | M14: 46248 | N14: Tran Manh Tuan | O14: Type: N
A15: F010-04 | B15: ChangeMemberRole - UTCID04 | C15: Execute ChangeMemberRole. Verify returned result and side effects. | D15: - requested data not found | E15: - Requested data does not exist. - RecordId=9999 - Status=not found | F15: Passed | G15: 46248 | H15: Tran Manh Tuan | I15: Passed | J15: 46248 | K15: Tran Manh Tuan | L15: Passed | M15: 46248 | N15: Tran Manh Tuan | O15: Type: B
A16: F010-05 | B16: ChangeMemberRole - UTCID05 | C16: Execute ChangeMemberRole. Verify returned result and side effects. | D16: - invalid request data | E16: - RecordId=5 - Required field is empty | F16: Passed | G16: 46248 | H16: Tran Manh Tuan | I16: Passed | J16: 46248 | K16: Tran Manh Tuan | L16: Passed | M16: 46248 | N16: Tran Manh Tuan | O16: Type: B
A17: F010-06 | B17: ChangeMemberRole - UTCID06 | C17: Execute ChangeMemberRole. Verify returned result and side effects. | D17: - service temporarily unavailable | E17: - RecordId=5 - ServiceStatus=unavailable | F17: Passed | G17: 46248 | H17: Tran Manh Tuan | I17: Passed | J17: 46248 | K17: Tran Manh Tuan | L17: Passed | M17: 46248 | N17: Tran Manh Tuan | O17: Type: A

Sheet Room Participant
A2: Feature | B2: AdmitParticipant (F011) | R2: Passed
A3: Test requirement | B3: Admit waiting participant | R3: Failed
A4: Number of TCs | B4: =COUNTIF(A12:A1004,"*F011-*") -> 7 | R4: Pending
A5: Testing Round | B5: Passed | C5: Failed | D5: Pending | E5: N/A | R5: N/A
A6: Round 1 | B6: =COUNTIF($F10:$F987,B5) -> 7 | C6: =COUNTIF($F10:$F990,C5) -> 0 | D6: =COUNTIF($F10:$F990,D5) -> 0 | E6: =COUNTIF($F10:$F990,E5) -> 0
A7: Round 2 | B7: =COUNTIF($I10:$I987,B5) -> 7 | C7: =COUNTIF($F10:$F990,C5) -> 0 | D7: =COUNTIF($F10:$F990,D5) -> 0 | E7: =COUNTIF($F10:$F990,E5) -> 0
A8: Round 3 | B8: =COUNTIF($L10:$L987,B5) -> 7 | C8: =COUNTIF($F10:$F990,C5) -> 0 | D8: =COUNTIF($F10:$F990,D5) -> 0 | E8: =COUNTIF($F10:$F990,E5) -> 0
A10: Test Case ID | B10: Test Case Description | C10: Test Case Procedure | D10: Expected Results | E10: Pre-conditions | F10: Round 1 | G10: Test date | H10: Tester | I10: Round 2 | J10: Test date | K10: Tester | L10: Round 3 | M10: Test date | N10: Tester | O10: Note
A11: AdmitParticipant
A12: F011-01 | B12: AdmitParticipant - UTCID01 | C12: Execute AdmitParticipant. Verify returned result and side effects. | D12: - Expected result returned - Data validated - Room request completed successfully | E12: - Room exists and participant has access. - RoomId=TR-1001 - ParticipantId=7; Action=ADMIT | F12: Passed | G12: 46248 | H12: Tran Manh Tuan | I12: Passed | J12: 46248 | K12: Tran Manh Tuan | L12: Passed | M12: 46248 | N12: Tran Manh Tuan | O12: Type: N
A13: F011-02 | B13: AdmitParticipant - UTCID02 | C13: Execute AdmitParticipant. Verify returned result and side effects. | D13: - user must login | E13: - User is not signed in. - LoginToken=empty - RoomId=TR-1001; Action=ADMIT | F13: Passed | G13: 46248 | H13: Tran Manh Tuan | I13: Passed | J13: 46248 | K13: Tran Manh Tuan | L13: Passed | M13: 46248 | N13: Tran Manh Tuan | O13: Type: N
A14: F011-03 | B14: AdmitParticipant - UTCID03 | C14: Execute AdmitParticipant. Verify returned result and side effects. | D14: - participant has no room access | E14: - Participant does not have room access. - RoomId=TR-1001 - ParticipantId=99 | F14: Passed | G14: 46248 | H14: Tran Manh Tuan | I14: Passed | J14: 46248 | K14: Tran Manh Tuan | L14: Passed | M14: 46248 | N14: Tran Manh Tuan | O14: Type: A
A15: F011-04 | B15: AdmitParticipant - UTCID04 | C15: Execute AdmitParticipant. Verify returned result and side effects. | D15: - room not found | E15: - Room does not exist. - RoomId=TR-9999 - Action=ADMIT | F15: Passed | G15: 46248 | H15: Tran Manh Tuan | I15: Passed | J15: 46248 | K15: Tran Manh Tuan | L15: Passed | M15: 46248 | N15: Tran Manh Tuan | O15: Type: N
A16: F011-05 | B16: AdmitParticipant - UTCID05 | C16: Execute AdmitParticipant. Verify returned result and side effects. | D16: - participant already joined | E16: - RoomId=TR-1001 - ParticipantStatus=JOINED | F16: Passed | G16: 46248 | H16: Tran Manh Tuan | I16: Passed | J16: 46248 | K16: Tran Manh Tuan | L16: Passed | M16: 46248 | N16: Tran Manh Tuan | O16: Type: N
A17: F011-06 | B17: AdmitParticipant - UTCID06 | C17: Execute AdmitParticipant. Verify returned result and side effects. | D17: - room service unavailable | E17: - RoomId=TR-1001 - ServiceStatus=unavailable | F17: Passed | G17: 46248 | H17: Tran Manh Tuan | I17: Passed | J17: 46248 | K17: Tran Manh Tuan | L17: Passed | M17: 46248 | N17: Tran Manh Tuan | O17: Type: B
A18: F011-07 | B18: AdmitParticipant - UTCID07 | C18: Execute AdmitParticipant. Verify returned result and side effects. | D18: - Expected result returned - Data validated | E18: - RoomId=TR-1001 | F18: Passed | G18: 46248 | H18: Tran Manh Tuan | I18: Passed | J18: 46248 | K18: Tran Manh Tuan | L18: Passed | M18: 46248 | N18: Tran Manh Tuan | O18: Type: A

Sheet Translation Room Lifecycle
A2: Feature | B2: EndTranslationRoom (F012) | R2: Passed
A3: Test requirement | B3: Handle meeting room action: End Translation Room | R3: Failed
A4: Number of TCs | B4: =COUNTIF(A12:A1005,"*F012-*") -> 6 | R4: Pending
A5: Testing Round | B5: Passed | C5: Failed | D5: Pending | E5: N/A | R5: N/A
A6: Round 1 | B6: =COUNTIF($F10:$F988,B5) -> 6 | C6: =COUNTIF($F10:$F993,C5) -> 0 | D6: =COUNTIF($F10:$F993,D5) -> 0 | E6: =COUNTIF($F10:$F993,E5) -> 0
A7: Round 2 | B7: =COUNTIF($I10:$I988,B5) -> 6 | C7: =COUNTIF($F10:$F993,C5) -> 0 | D7: =COUNTIF($F10:$F993,D5) -> 0 | E7: =COUNTIF($F10:$F993,E5) -> 0
A8: Round 3 | B8: =COUNTIF($L10:$L988,B5) -> 6 | C8: =COUNTIF($F10:$F993,C5) -> 0 | D8: =COUNTIF($F10:$F993,D5) -> 0 | E8: =COUNTIF($F10:$F993,E5) -> 0
A10: Test Case ID | B10: Test Case Description | C10: Test Case Procedure | D10: Expected Results | E10: Pre-conditions | F10: Round 1 | G10: Test date | H10: Tester | I10: Round 2 | J10: Test date | K10: Tester | L10: Round 3 | M10: Test date | N10: Tester | O10: Note
A11: EndTranslationRoom
A12: F012-01 | B12: EndTranslationRoom - UTCID01 | C12: Execute EndTranslationRoom. Verify returned result and side effects. | D12: - Expected result returned - Data validated - request is accepted and data is saved/returned correctly | E12: - Room or meeting exists and user has access. - RecordId=5 - Valid translation room / participant data | F12: Passed | G12: 46248 | H12: Tran Manh Tuan | I12: Passed | J12: 46248 | K12: Tran Manh Tuan | L12: Passed | M12: 46248 | N12: Tran Manh Tuan | O12: Type: B
A13: F012-02 | B13: EndTranslationRoom - UTCID02 | C13: Execute EndTranslationRoom. Verify returned result and side effects. | D13: - user must login | E13: - User is not signed in or login token is missing. - LoginToken=empty - Role=unknown | F13: Passed | G13: 46248 | H13: Tran Manh Tuan | I13: Passed | J13: 46248 | K13: Tran Manh Tuan | L13: Passed | M13: 46248 | N13: Tran Manh Tuan | O13: Type: B
A14: F012-03 | B14: EndTranslationRoom - UTCID03 | C14: Execute EndTranslationRoom. Verify returned result and side effects. | D14: - user has no permission | E14: - User is signed in but does not have the required role. - Role=MEMBER - RequiredRole=ADMIN | F14: Passed | G14: 46248 | H14: Tran Manh Tuan | I14: Passed | J14: 46248 | K14: Tran Manh Tuan | L14: Passed | M14: 46248 | N14: Tran Manh Tuan | O14: Type: N
A15: F012-04 | B15: EndTranslationRoom - UTCID04 | C15: Execute EndTranslationRoom. Verify returned result and side effects. | D15: - requested data not found | E15: - Requested data does not exist. - RecordId=9999 - Status=not found | F15: Passed | G15: 46248 | H15: Tran Manh Tuan | I15: Passed | J15: 46248 | K15: Tran Manh Tuan | L15: Passed | M15: 46248 | N15: Tran Manh Tuan | O15: Type: N
A16: F012-05 | B16: EndTranslationRoom - UTCID05 | C16: Execute EndTranslationRoom. Verify returned result and side effects. | D16: - invalid request data | E16: - RecordId=5 - Required field is empty | F16: Passed | G16: 46248 | H16: Tran Manh Tuan | I16: Passed | J16: 46248 | K16: Tran Manh Tuan | L16: Passed | M16: 46248 | N16: Tran Manh Tuan | O16: Type: A
A17: F012-06 | B17: EndTranslationRoom - UTCID06 | C17: Execute EndTranslationRoom. Verify returned result and side effects. | D17: - service temporarily unavailable | E17: - RecordId=5 - ServiceStatus=unavailable | F17: Passed | G17: 46248 | H17: Tran Manh Tuan | I17: Passed | J17: 46248 | K17: Tran Manh Tuan | L17: Passed | M17: 46248 | N17: Tran Manh Tuan | O17: Type: N

Sheet Translation Room Resume
A2: Feature | B2: ResumeTranslationRoom (F013) | R2: Passed
A3: Test requirement | B3: Handle meeting room action: Resume Translation Room | R3: Failed
A4: Number of TCs | B4: =COUNTIF(A12:A1002,"*F013-*") -> 5 | R4: Pending
A5: Testing Round | B5: Passed | C5: Failed | D5: Pending | E5: N/A | R5: N/A
A6: Round 1 | B6: =COUNTIF($F10:$F985,B5) -> 5 | C6: =COUNTIF($F10:$F1002,C5) -> 0 | D6: =COUNTIF($F10:$F1002,D5) -> 0 | E6: =COUNTIF($F10:$F1002,E5) -> 0
A7: Round 2 | B7: =COUNTIF($I10:$I985,B5) -> 5 | C7: =COUNTIF($F10:$F1002,C5) -> 0 | D7: =COUNTIF($F10:$F1002,D5) -> 0 | E7: =COUNTIF($F10:$F1002,E5) -> 0
A8: Round 3 | B8: =COUNTIF($L10:$L985,B5) -> 5 | C8: =COUNTIF($F10:$F1002,C5) -> 0 | D8: =COUNTIF($F10:$F1002,D5) -> 0 | E8: =COUNTIF($F10:$F1002,E5) -> 0
A10: Test Case ID | B10: Test Case Description | C10: Test Case Procedure | D10: Expected Results | E10: Pre-conditions | F10: Round 1 | G10: Test date | H10: Tester | I10: Round 2 | J10: Test date | K10: Tester | L10: Round 3 | M10: Test date | N10: Tester | O10: Note
A11: ResumeTranslationRoom
A12: F013-01 | B12: ResumeTranslationRoom - UTCID01 | C12: Execute ResumeTranslationRoom. Verify returned result and side effects. | D12: - Expected result returned - Data validated - request is accepted and data is saved/returned correctly | E12: - Room or meeting exists and user has access. - RecordId=5 - Valid translation room / participant data | F12: Passed | G12: 46248 | H12: Tran Manh Tuan | I12: Passed | J12: 46248 | K12: Tran Manh Tuan | L12: Passed | M12: 46248 | N12: Tran Manh Tuan | O12: Type: N
A13: F013-02 | B13: ResumeTranslationRoom - UTCID02 | C13: Execute ResumeTranslationRoom. Verify returned result and side effects. | D13: - user must login | E13: - User is not signed in or login token is missing. - LoginToken=empty - Role=unknown | F13: Passed | G13: 46248 | H13: Tran Manh Tuan | I13: Passed | J13: 46248 | K13: Tran Manh Tuan | L13: Passed | M13: 46248 | N13: Tran Manh Tuan | O13: Type: N
A14: F013-03 | B14: ResumeTranslationRoom - UTCID03 | C14: Execute ResumeTranslationRoom. Verify returned result and side effects. | D14: - user has no permission | E14: - User is signed in but does not have the required role. - Role=MEMBER - RequiredRole=ADMIN | F14: Passed | G14: 46248 | H14: Tran Manh Tuan | I14: Passed | J14: 46248 | K14: Tran Manh Tuan | L14: Passed | M14: 46248 | N14: Tran Manh Tuan | O14: Type: A
A15: F013-04 | B15: ResumeTranslationRoom - UTCID04 | C15: Execute ResumeTranslationRoom. Verify returned result and side effects. | D15: - requested data not found | E15: - Requested data does not exist. - RecordId=9999 - Status=not found | F15: Passed | G15: 46248 | H15: Tran Manh Tuan | I15: Passed | J15: 46248 | K15: Tran Manh Tuan | L15: Passed | M15: 46248 | N15: Tran Manh Tuan | O15: Type: N
A16: F013-05 | B16: ResumeTranslationRoom - UTCID05 | C16: Execute ResumeTranslationRoom. Verify returned result and side effects. | D16: - invalid request data | E16: - RecordId=5 - Required field is empty | F16: Passed | G16: 46248 | H16: Tran Manh Tuan | I16: Passed | J16: 46248 | K16: Tran Manh Tuan | L16: Passed | M16: 46248 | N16: Tran Manh Tuan | O16: Type: N

Sheet Voice Clone Consent
A2: Feature | B2: SetVoiceCloneConsentAsync (F014) | R2: Passed
A3: Test requirement | B3: Handle meeting room action: Set Voice Clone Consent | R3: Failed
A4: Number of TCs | B4: =COUNTIF(A12:A1000,"*F014-*") -> 5 | R4: Pending
A5: Testing Round | B5: Passed | C5: Failed | D5: Pending | E5: N/A | R5: N/A
A6: Round 1 | B6: =COUNTIF($F10:$F983,B5) -> 5 | C6: =COUNTIF($F10:$F994,C5) -> 0 | D6: =COUNTIF($F10:$F994,D5) -> 0 | E6: =COUNTIF($F10:$F994,E5) -> 0
A7: Round 2 | B7: =COUNTIF($I10:$I983,B5) -> 5 | C7: =COUNTIF($F10:$F994,C5) -> 0 | D7: =COUNTIF($F10:$F994,D5) -> 0 | E7: =COUNTIF($F10:$F994,E5) -> 0
A8: Round 3 | B8: =COUNTIF($L10:$L983,B5) -> 5 | C8: =COUNTIF($F10:$F994,C5) -> 0 | D8: =COUNTIF($F10:$F994,D5) -> 0 | E8: =COUNTIF($F10:$F994,E5) -> 0
A10: Test Case ID | B10: Test Case Description | C10: Test Case Procedure | D10: Expected Results | E10: Pre-conditions | F10: Round 1 | G10: Test date | H10: Tester | I10: Round 2 | J10: Test date | K10: Tester | L10: Round 3 | M10: Test date | N10: Tester | O10: Note
A11: SetVoiceCloneConsentAsync
A12: F014-01 | B12: SetVoiceCloneConsentAsync - UTCID01 | C12: Execute SetVoiceCloneConsentAsync. Verify returned result and side effects. | D12: - Expected result returned - Data validated - request is accepted and data is saved/returned correctly | E12: - Room or meeting exists and user has access. - RecordId=5 - Valid translation room / participant data | F12: Passed | G12: 46248 | H12: Tran Manh Tuan | I12: Passed | J12: 46248 | K12: Tran Manh Tuan | L12: Passed | M12: 46248 | N12: Tran Manh Tuan | O12: Type: N
A13: F014-02 | B13: SetVoiceCloneConsentAsync - UTCID02 | C13: Execute SetVoiceCloneConsentAsync. Verify returned result and side effects. | D13: - system shows that the requested data was not found | E13: - Requested data does not exist. - RecordId=9999 - Status=not found | F13: Passed | G13: 46248 | H13: Tran Manh Tuan | I13: Passed | J13: 46248 | K13: Tran Manh Tuan | L13: Passed | M13: 46248 | N13: Tran Manh Tuan | O13: Type: A
A14: F014-03 | B14: SetVoiceCloneConsentAsync - UTCID03 | C14: Execute SetVoiceCloneConsentAsync. Verify returned result and side effects. | D14: - service temporarily unavailable | E14: - A dependent service is unavailable. - RecordId=7 - ServiceStatus=unavailable | F14: Passed | G14: 46248 | H14: Tran Manh Tuan | I14: Passed | J14: 46248 | K14: Tran Manh Tuan | L14: Passed | M14: 46248 | N14: Tran Manh Tuan | O14: Type: N
A15: F014-04 | B15: SetVoiceCloneConsentAsync - UTCID04 | C15: Execute SetVoiceCloneConsentAsync. Verify returned result and side effects. | D15: - requested data not found | E15: - Requested data does not exist. - RoomId=TR-1003 - ParticipantId=10; Language=vi-VN | F15: Passed | G15: 46248 | H15: Tran Manh Tuan | I15: Passed | J15: 46248 | K15: Tran Manh Tuan | L15: Passed | M15: 46248 | N15: Tran Manh Tuan | O15: Type: N
A16: F014-05 | B16: SetVoiceCloneConsentAsync - UTCID05 | C16: Execute SetVoiceCloneConsentAsync. Verify returned result and side effects. | D16: - invalid request data | E16: - Request data is invalid or missing. - RecordId=5 - Required field is empty | F16: Passed | G16: 46248 | H16: Tran Manh Tuan | I16: Passed | J16: 46248 | K16: Tran Manh Tuan | L16: Passed | M16: 46248 | N16: Tran Manh Tuan | O16: Type: N

Sheet Translation Room Join
A2: Feature | B2: JoinTranslationRoomAsync (F015) | R2: Passed
A3: Test requirement | B3: Join translation room | R3: Failed
A4: Number of TCs | B4: =COUNTIF(A12:A905,"*F015-*") -> 7 | R4: Pending
A5: Testing Round | B5: Passed | C5: Failed | D5: Pending | E5: N/A | R5: N/A
A6: Round 1 | B6: =COUNTIF($F10:$F888,B5) -> 7 | C6: =COUNTIF($F10:$F906,C5) -> 0 | D6: =COUNTIF($F10:$F906,D5) -> 0 | E6: =COUNTIF($F10:$F906,E5) -> 0
A7: Round 2 | B7: =COUNTIF($I10:$I888,B5) -> 7 | C7: =COUNTIF($F10:$F906,C5) -> 0 | D7: =COUNTIF($F10:$F906,D5) -> 0 | E7: =COUNTIF($F10:$F906,E5) -> 0
A8: Round 3 | B8: =COUNTIF($L10:$L888,B5) -> 7 | C8: =COUNTIF($F10:$F906,C5) -> 0 | D8: =COUNTIF($F10:$F906,D5) -> 0 | E8: =COUNTIF($F10:$F906,E5) -> 0
A10: Test Case ID | B10: Test Case Description | C10: Test Case Procedure | D10: Expected Results | E10: Pre-conditions | F10: Round 1 | G10: Test date | H10: Tester | I10: Round 2 | J10: Test date | K10: Tester | L10: Round 3 | M10: Test date | N10: Tester | O10: Note
A11: JoinTranslationRoomAsync
A12: F015-01 | B12: JoinTranslationRoomAsync - UTCID01 | C12: Execute JoinTranslationRoomAsync. Verify returned result and side effects. | D12: - Expected result returned - Data validated - Room request completed successfully | E12: - Room exists and participant has access. - RoomId=TR-1001 - ParticipantId=7; Action=JOIN | F12: Passed | G12: 46248 | H12: Tran Manh Tuan | I12: Passed | J12: 46248 | K12: Tran Manh Tuan | L12: Passed | M12: 46248 | N12: Tran Manh Tuan | O12: Type: N
A13: F015-02 | B13: JoinTranslationRoomAsync - UTCID02 | C13: Execute JoinTranslationRoomAsync. Verify returned result and side effects. | D13: - user must login | E13: - User is not signed in. - LoginToken=empty - RoomId=TR-1001; Action=JOIN | F13: Passed | G13: 46248 | H13: Tran Manh Tuan | I13: Passed | J13: 46248 | K13: Tran Manh Tuan | L13: Passed | M13: 46248 | N13: Tran Manh Tuan | O13: Type: N
A14: F015-03 | B14: JoinTranslationRoomAsync - UTCID03 | C14: Execute JoinTranslationRoomAsync. Verify returned result and side effects. | D14: - participant has no room access | E14: - Participant does not have room access. - RoomId=TR-1001 - ParticipantId=99 | F14: Passed | G14: 46248 | H14: Tran Manh Tuan | I14: Passed | J14: 46248 | K14: Tran Manh Tuan | L14: Passed | M14: 46248 | N14: Tran Manh Tuan | O14: Type: N
A15: F015-04 | B15: JoinTranslationRoomAsync - UTCID04 | C15: Execute JoinTranslationRoomAsync. Verify returned result and side effects. | D15: - room not found | E15: - Room does not exist. - RoomId=TR-9999 - Action=JOIN | F15: Passed | G15: 46248 | H15: Tran Manh Tuan | I15: Passed | J15: 46248 | K15: Tran Manh Tuan | L15: Passed | M15: 46248 | N15: Tran Manh Tuan | O15: Type: N
A16: F015-05 | B16: JoinTranslationRoomAsync - UTCID05 | C16: Execute JoinTranslationRoomAsync. Verify returned result and side effects. | D16: - participant already joined | E16: - RoomId=TR-1001 - ParticipantStatus=JOINED | F16: Passed | G16: 46248 | H16: Tran Manh Tuan | I16: Passed | J16: 46248 | K16: Tran Manh Tuan | L16: Passed | M16: 46248 | N16: Tran Manh Tuan | O16: Type: A
A17: F015-06 | B17: JoinTranslationRoomAsync - UTCID06 | C17: Execute JoinTranslationRoomAsync. Verify returned result and side effects. | D17: - room service unavailable | E17: - RoomId=TR-1001 - ServiceStatus=unavailable | F17: Passed | G17: 46248 | H17: Tran Manh Tuan | I17: Passed | J17: 46248 | K17: Tran Manh Tuan | L17: Passed | M17: 46248 | N17: Tran Manh Tuan | O17: Type: N
A18: F015-07 | B18: JoinTranslationRoomAsync - UTCID07 | C18: Execute JoinTranslationRoomAsync. Verify returned result and side effects. | D18: - Expected result returned - Data validated | E18: - RoomId=TR-1001 | F18: Passed | G18: 46248 | H18: Tran Manh Tuan | I18: Passed | J18: 46248 | K18: Tran Manh Tuan | L18: Passed | M18: 46248 | N18: Tran Manh Tuan | O18: Type: N

Sheet Poll Management
A2: Feature | B2: CloseAsync (F016) | R2: Passed
A3: Test requirement | B3: Handle meeting room action: Close | R3: Failed
A4: Number of TCs | B4: =COUNTIF(A12:A915,"*F016-*") -> 7 | R4: Pending
A5: Testing Round | B5: Passed | C5: Failed | D5: Pending | E5: N/A | R5: N/A
A6: Round 1 | B6: =COUNTIF($F10:$F898,B5) -> 7 | C6: =COUNTIF($F10:$F912,C5) -> 0 | D6: =COUNTIF($F10:$F912,D5) -> 0 | E6: =COUNTIF($F10:$F912,E5) -> 0
A7: Round 2 | B7: =COUNTIF($I10:$I898,B5) -> 7 | C7: =COUNTIF($F10:$F912,C5) -> 0 | D7: =COUNTIF($F10:$F912,D5) -> 0 | E7: =COUNTIF($F10:$F912,E5) -> 0
A8: Round 3 | B8: =COUNTIF($L10:$L898,B5) -> 7 | C8: =COUNTIF($F10:$F912,C5) -> 0 | D8: =COUNTIF($F10:$F912,D5) -> 0 | E8: =COUNTIF($F10:$F912,E5) -> 0
A10: Test Case ID | B10: Test Case Description | C10: Test Case Procedure | D10: Expected Results | E10: Pre-conditions | F10: Round 1 | G10: Test date | H10: Tester | I10: Round 2 | J10: Test date | K10: Tester | L10: Round 3 | M10: Test date | N10: Tester | O10: Note
A11: CloseAsync
A12: F016-01 | B12: CloseAsync - UTCID01 | C12: Execute CloseAsync. Verify returned result and side effects. | D12: - Expected result returned - Data validated - request is accepted and data is saved/returned correctly | E12: - Room or meeting exists and user has access. - RecordId=5 - Valid meeting room / participant data | F12: Passed | G12: 46248 | H12: Tran Manh Tuan | I12: Passed | J12: 46248 | K12: Tran Manh Tuan | L12: Passed | M12: 46248 | N12: Tran Manh Tuan | O12: Type: N
A13: F016-02 | B13: CloseAsync - UTCID02 | C13: Execute CloseAsync. Verify returned result and side effects. | D13: - user must login | E13: - User is not signed in or login token is missing. - LoginToken=empty - Role=unknown | F13: Passed | G13: 46248 | H13: Tran Manh Tuan | I13: Passed | J13: 46248 | K13: Tran Manh Tuan | L13: Passed | M13: 46248 | N13: Tran Manh Tuan | O13: Type: N
A14: F016-03 | B14: CloseAsync - UTCID03 | C14: Execute CloseAsync. Verify returned result and side effects. | D14: - invalid request data | E14: - Request data is invalid or not allowed. - RecordId=7 - Invalid field value | F14: Passed | G14: 46248 | H14: Tran Manh Tuan | I14: Passed | J14: 46248 | K14: Tran Manh Tuan | L14: Passed | M14: 46248 | N14: Tran Manh Tuan | O14: Type: A
A15: F016-04 | B15: CloseAsync - UTCID04 | C15: Execute CloseAsync. Verify returned result and side effects. | D15: - requested data not found | E15: - Requested data does not exist. - RecordId=9999 - Status=not found | F15: Passed | G15: 46248 | H15: Tran Manh Tuan | I15: Passed | J15: 46248 | K15: Tran Manh Tuan | L15: Passed | M15: 46248 | N15: Tran Manh Tuan | O15: Type: N
A16: F016-05 | B16: CloseAsync - UTCID05 | C16: Execute CloseAsync. Verify returned result and side effects. | D16: - Expected result returned - Data validated - request is rejected because the user has no permission | E16: - Role=MEMBER - RequiredRole=ADMIN | F16: Passed | G16: 46248 | H16: Tran Manh Tuan | I16: Passed | J16: 46248 | K16: Tran Manh Tuan | L16: Passed | M16: 46248 | N16: Tran Manh Tuan | O16: Type: A
A17: F016-06 | B17: CloseAsync - UTCID06 | C17: Execute CloseAsync. Verify returned result and side effects. | D17: - service temporarily unavailable | E17: - RecordId=5 - ServiceStatus=unavailable | F17: Passed | G17: 46248 | H17: Tran Manh Tuan | I17: Passed | J17: 46248 | K17: Tran Manh Tuan | L17: Passed | M17: 46248 | N17: Tran Manh Tuan | O17: Type: A
A18: F016-07 | B18: CloseAsync - UTCID07 | C18: Execute CloseAsync. Verify returned result and side effects. | D18: - Expected result returned - Data validated | E18: - Page=1; PageSize=100 | F18: Passed | G18: 46248 | H18: Tran Manh Tuan | I18: Passed | J18: 46248 | K18: Tran Manh Tuan | L18: Passed | M18: 46248 | N18: Tran Manh Tuan | O18: Type: A

Sheet Meeting Lifecycle
A2: Feature | B2: End (F017) | R2: Passed
A3: Test requirement | B3: Handle meeting room action: End | R3: Failed
A4: Number of TCs | B4: =COUNTIF(A12:A1003,"*F017-*") -> 7 | R4: Pending
A5: Testing Round | B5: Passed | C5: Failed | D5: Pending | E5: N/A | R5: N/A
A6: Round 1 | B6: =COUNTIF($F10:$F986,B5) -> 7 | C6: =COUNTIF($F10:$F993,C5) -> 0 | D6: =COUNTIF($F10:$F993,D5) -> 0 | E6: =COUNTIF($F10:$F993,E5) -> 0
A7: Round 2 | B7: =COUNTIF($I10:$I986,B5) -> 7 | C7: =COUNTIF($F10:$F993,C5) -> 0 | D7: =COUNTIF($F10:$F993,D5) -> 0 | E7: =COUNTIF($F10:$F993,E5) -> 0
A8: Round 3 | B8: =COUNTIF($L10:$L986,B5) -> 7 | C8: =COUNTIF($F10:$F993,C5) -> 0 | D8: =COUNTIF($F10:$F993,D5) -> 0 | E8: =COUNTIF($F10:$F993,E5) -> 0
A10: Test Case ID | B10: Test Case Description | C10: Test Case Procedure | D10: Expected Results | E10: Pre-conditions | F10: Round 1 | G10: Test date | H10: Tester | I10: Round 2 | J10: Test date | K10: Tester | L10: Round 3 | M10: Test date | N10: Tester | O10: Note
A11: End
A12: F017-01 | B12: End - UTCID01 | C12: Execute End. Verify returned result and side effects. | D12: - Expected result returned - Data validated - Breakout session ended | E12: - Meeting exists and host has permission. - MeetingId=MT-1001 - BreakoutAction=END | F12: Passed | G12: 46248 | H12: Huynh Thai Tu | I12: Passed | J12: 46248 | K12: Huynh Thai Tu | L12: Passed | M12: 46248 | N12: Huynh Thai Tu | O12: Type: N
A13: F017-02 | B13: End - UTCID02 | C13: Execute End. Verify returned result and side effects. | D13: - Expected result returned - Data validated - Breakout session ended | E13: - Meeting exists and host has permission. - RoomId=TR-1001 - ParticipantId=8; Language=vi-VN | F13: Passed | G13: 46248 | H13: Huynh Thai Tu | I13: Passed | J13: 46248 | K13: Huynh Thai Tu | L13: Passed | M13: 46248 | N13: Huynh Thai Tu | O13: Type: A
A14: F017-03 | B14: End - UTCID03 | C14: Execute End. Verify returned result and side effects. | D14: - Expected result returned - Data validated - Breakout session ended | E14: - Meeting exists and host has permission. - RoomId=TR-1002 - ParticipantId=9; Language=en-US | F14: Passed | G14: 46248 | H14: Huynh Thai Tu | I14: Passed | J14: 46248 | K14: Huynh Thai Tu | L14: Passed | M14: 46248 | N14: Huynh Thai Tu | O14: Type: N
A15: F017-04 | B15: End - UTCID04 | C15: Execute End. Verify returned result and side effects. | D15: - Expected result returned - Data validated - Breakout session ended | E15: - Meeting exists and host has permission. - RoomId=TR-1003 - ParticipantId=10; Language=vi-VN | F15: Passed | G15: 46248 | H15: Huynh Thai Tu | I15: Passed | J15: 46248 | K15: Huynh Thai Tu | L15: Passed | M15: 46248 | N15: Huynh Thai Tu | O15: Type: B
A16: F017-05 | B16: End - UTCID05 | C16: Execute End. Verify returned result and side effects. | D16: - Expected result returned - Data validated - Breakout session ended | E16: - Meeting exists and host has permission. - RoomId=TR-1004 - ParticipantId=11; Language=en-US | F16: Passed | G16: 46248 | H16: Huynh Thai Tu | I16: Passed | J16: 46248 | K16: Huynh Thai Tu | L16: Passed | M16: 46248 | N16: Huynh Thai Tu | O16: Type: N
A17: F017-06 | B17: End - UTCID06 | C17: Execute End. Verify returned result and side effects. | D17: - Expected result returned - Data validated - Breakout session ended | E17: - Meeting exists and host has permission. - RoomId=TR-1005 - ParticipantId=12; Language=vi-VN | F17: Passed | G17: 46248 | H17: Huynh Thai Tu | I17: Passed | J17: 46248 | K17: Huynh Thai Tu | L17: Passed | M17: 46248 | N17: Huynh Thai Tu | O17: Type: N
A18: F017-07 | B18: End - UTCID07 | C18: Execute End. Verify returned result and side effects. | D18: - Expected result returned - Data validated - Breakout session ended | E18: - Meeting exists and host has permission. - RoomId=TR-1006 | F18: Passed | G18: 46248 | H18: Huynh Thai Tu | I18: Passed | J18: 46248 | K18: Huynh Thai Tu | L18: Passed | M18: 46248 | N18: Huynh Thai Tu | O18: Type: N

Sheet Meeting Join
A2: Feature | B2: JoinMeetingAsync (F018) | R2: Passed
A3: Test requirement | B3: Handle meeting room action: Join Meeting | R3: Failed
A4: Number of TCs | B4: =COUNTIF(A12:A1005,"*F018-*") -> 7 | R4: Pending
A5: Testing Round | B5: Passed | C5: Failed | D5: Pending | E5: N/A | R5: N/A
A6: Round 1 | B6: =COUNTIF($F10:$F988,B5) -> 7 | C6: =COUNTIF($F10:$F991,C5) -> 0 | D6: =COUNTIF($F10:$F991,D5) -> 0 | E6: =COUNTIF($F10:$F991,E5) -> 0
A7: Round 2 | B7: =COUNTIF($I10:$I988,B5) -> 7 | C7: =COUNTIF($F10:$F991,C5) -> 0 | D7: =COUNTIF($F10:$F991,D5) -> 0 | E7: =COUNTIF($F10:$F991,E5) -> 0
A8: Round 3 | B8: =COUNTIF($L10:$L988,B5) -> 7 | C8: =COUNTIF($F10:$F991,C5) -> 0 | D8: =COUNTIF($F10:$F991,D5) -> 0 | E8: =COUNTIF($F10:$F991,E5) -> 0
A10: Test Case ID | B10: Test Case Description | C10: Test Case Procedure | D10: Expected Results | E10: Pre-conditions | F10: Round 1 | G10: Test date | H10: Tester | I10: Round 2 | J10: Test date | K10: Tester | L10: Round 3 | M10: Test date | N10: Tester | O10: Note
A11: JoinMeetingAsync
A12: F018-01 | B12: JoinMeetingAsync - UTCID01 | C12: Execute JoinMeetingAsync. Verify returned result and side effects. | D12: - invalid request data | E12: - Request data is invalid or not allowed. - RecordId=5 - Invalid field value | F12: Passed | G12: 46248 | H12: Tran Manh Tuan | I12: Passed | J12: 46248 | K12: Tran Manh Tuan | L12: Passed | M12: 46248 | N12: Tran Manh Tuan | O12: Type: A
A13: F018-02 | B13: JoinMeetingAsync - UTCID02 | C13: Execute JoinMeetingAsync. Verify returned result and side effects. | D13: - user must login | E13: - User is not signed in or login token is missing. - LoginToken=empty - Role=unknown | F13: Passed | G13: 46248 | H13: Tran Manh Tuan | I13: Passed | J13: 46248 | K13: Tran Manh Tuan | L13: Passed | M13: 46248 | N13: Tran Manh Tuan | O13: Type: N
A14: F018-03 | B14: JoinMeetingAsync - UTCID03 | C14: Execute JoinMeetingAsync. Verify returned result and side effects. | D14: - invalid request data | E14: - Request data is invalid or not allowed. - RecordId=7 - Invalid field value | F14: Passed | G14: 46248 | H14: Tran Manh Tuan | I14: Passed | J14: 46248 | K14: Tran Manh Tuan | L14: Passed | M14: 46248 | N14: Tran Manh Tuan | O14: Type: A
A15: F018-04 | B15: JoinMeetingAsync - UTCID04 | C15: Execute JoinMeetingAsync. Verify returned result and side effects. | D15: - requested data not found | E15: - Requested data does not exist. - RecordId=9999 - Status=not found | F15: Passed | G15: 46248 | H15: Tran Manh Tuan | I15: Passed | J15: 46248 | K15: Tran Manh Tuan | L15: Passed | M15: 46248 | N15: Tran Manh Tuan | O15: Type: N
A16: F018-05 | B16: JoinMeetingAsync - UTCID05 | C16: Execute JoinMeetingAsync. Verify returned result and side effects. | D16: - invalid request data | E16: - Request data is invalid or missing. - RecordId=5 - Required field is empty | F16: Passed | G16: 46248 | H16: Tran Manh Tuan | I16: Passed | J16: 46248 | K16: Tran Manh Tuan | L16: Passed | M16: 46248 | N16: Tran Manh Tuan | O16: Type: N
A17: F018-06 | B17: JoinMeetingAsync - UTCID06 | C17: Execute JoinMeetingAsync. Verify returned result and side effects. | D17: - service temporarily unavailable | E17: - RecordId=5 - ServiceStatus=unavailable | F17: Passed | G17: 46248 | H17: Tran Manh Tuan | I17: Passed | J17: 46248 | K17: Tran Manh Tuan | L17: Passed | M17: 46248 | N17: Tran Manh Tuan | O17: Type: N
A18: F018-07 | B18: JoinMeetingAsync - UTCID07 | C18: Execute JoinMeetingAsync. Verify returned result and side effects. | D18: - Expected result returned - Data validated - request is accepted at boundary value | E18: - Page=1; PageSize=100 | F18: Passed | G18: 46248 | H18: Tran Manh Tuan | I18: Passed | J18: 46248 | K18: Tran Manh Tuan | L18: Passed | M18: 46248 | N18: Tran Manh Tuan | O18: Type: N

Sheet Poll Voting
A2: Feature | B2: Vote (F019) | R2: Passed
A3: Test requirement | B3: Handle meeting room action: Vote | R3: Failed
A4: Number of TCs | B4: =COUNTIF(A12:A985,"*F019-*") -> 6 | R4: Pending
A5: Testing Round | B5: Passed | C5: Failed | D5: Pending | E5: N/A | R5: N/A
A6: Round 1 | B6: =COUNTIF($F10:$F968,B5) -> 6 | C6: =COUNTIF($F10:$F979,C5) -> 0 | D6: =COUNTIF($F10:$F979,D5) -> 0 | E6: =COUNTIF($F10:$F979,E5) -> 0
A7: Round 2 | B7: =COUNTIF($I10:$I968,B5) -> 6 | C7: =COUNTIF($F10:$F979,C5) -> 0 | D7: =COUNTIF($F10:$F979,D5) -> 0 | E7: =COUNTIF($F10:$F979,E5) -> 0
A8: Round 3 | B8: =COUNTIF($L10:$L968,B5) -> 6 | C8: =COUNTIF($F10:$F979,C5) -> 0 | D8: =COUNTIF($F10:$F979,D5) -> 0 | E8: =COUNTIF($F10:$F979,E5) -> 0
A10: Test Case ID | B10: Test Case Description | C10: Test Case Procedure | D10: Expected Results | E10: Pre-conditions | F10: Round 1 | G10: Test date | H10: Tester | I10: Round 2 | J10: Test date | K10: Tester | L10: Round 3 | M10: Test date | N10: Tester | O10: Note
A11: Vote
A12: F019-01 | B12: Vote - UTCID01 | C12: Execute Vote. Verify returned result and side effects. | D12: - Expected result returned - Data validated - request is accepted and data is saved/returned correctly | E12: - Room or meeting exists and user has access. - RecordId=5 - Valid meeting room / participant data | F12: Passed | G12: 46248 | H12: Tran Manh Tuan | I12: Passed | J12: 46248 | K12: Tran Manh Tuan | L12: Passed | M12: 46248 | N12: Tran Manh Tuan | O12: Type: N
A13: F019-02 | B13: Vote - UTCID02 | C13: Execute Vote. Verify returned result and side effects. | D13: - invalid request data | E13: - Request data is invalid or not allowed. - RecordId=6 - Invalid field value | F13: Passed | G13: 46248 | H13: Tran Manh Tuan | I13: Passed | J13: 46248 | K13: Tran Manh Tuan | L13: Passed | M13: 46248 | N13: Tran Manh Tuan | O13: Type: A
A14: F019-03 | B14: Vote - UTCID03 | C14: Execute Vote. Verify returned result and side effects. | D14: - user has no permission | E14: - User is signed in but does not have the required role. - Role=MEMBER - RequiredRole=ADMIN | F14: Passed | G14: 46248 | H14: Tran Manh Tuan | I14: Passed | J14: 46248 | K14: Tran Manh Tuan | L14: Passed | M14: 46248 | N14: Tran Manh Tuan | O14: Type: N
A15: F019-04 | B15: Vote - UTCID04 | C15: Execute Vote. Verify returned result and side effects. | D15: - invalid request data | E15: - Request data is invalid or not allowed. - RecordId=8 - Invalid field value | F15: Passed | G15: 46248 | H15: Tran Manh Tuan | I15: Passed | J15: 46248 | K15: Tran Manh Tuan | L15: Passed | M15: 46248 | N15: Tran Manh Tuan | O15: Type: A
A16: F019-05 | B16: Vote - UTCID05 | C16: Execute Vote. Verify returned result and side effects. | D16: - invalid request data | E16: - Request data is invalid or missing. - RecordId=5 - Required field is empty | F16: Passed | G16: 46248 | H16: Tran Manh Tuan | I16: Passed | J16: 46248 | K16: Tran Manh Tuan | L16: Passed | M16: 46248 | N16: Tran Manh Tuan | O16: Type: N
A17: F019-06 | B17: Vote - UTCID06 | C17: Execute Vote. Verify returned result and side effects. | D17: - service temporarily unavailable | E17: - RecordId=5 - ServiceStatus=unavailable | F17: Passed | G17: 46248 | H17: Tran Manh Tuan | I17: Passed | J17: 46248 | K17: Tran Manh Tuan | L17: Passed | M17: 46248 | N17: Tran Manh Tuan | O17: Type: N

Sheet Question List
A2: Feature | B2: List (F020) | R2: Passed
A3: Test requirement | B3: Retrieve list data | R3: Failed
A4: Number of TCs | B4: =COUNTIF(A12:A952,"*F020-*") -> 7 | R4: Pending
A5: Testing Round | B5: Passed | C5: Failed | D5: Pending | E5: N/A | R5: N/A
A6: Round 1 | B6: =COUNTIF($F10:$F935,B5) -> 7 | C6: =COUNTIF($F10:$F949,C5) -> 0 | D6: =COUNTIF($F10:$F949,D5) -> 0 | E6: =COUNTIF($F10:$F949,E5) -> 0
A7: Round 2 | B7: =COUNTIF($I10:$I935,B5) -> 7 | C7: =COUNTIF($F10:$F949,C5) -> 0 | D7: =COUNTIF($F10:$F949,D5) -> 0 | E7: =COUNTIF($F10:$F949,E5) -> 0
A8: Round 3 | B8: =COUNTIF($L10:$L935,B5) -> 7 | C8: =COUNTIF($F10:$F949,C5) -> 0 | D8: =COUNTIF($F10:$F949,D5) -> 0 | E8: =COUNTIF($F10:$F949,E5) -> 0
A10: Test Case ID | B10: Test Case Description | C10: Test Case Procedure | D10: Expected Results | E10: Pre-conditions | F10: Round 1 | G10: Test date | H10: Tester | I10: Round 2 | J10: Test date | K10: Tester | L10: Round 3 | M10: Test date | N10: Tester | O10: Note
A11: List
A12: F020-01 | B12: List - UTCID01 | C12: Execute List. Verify returned result and side effects. | D12: - Expected result returned - Data validated - request is accepted and data is saved/returned correctly | E12: - User is signed in and related records exist. - RecordId=5 - Valid meeting room / participant data | F12: Passed | G12: 46248 | H12: Tran Manh Tuan | I12: Passed | J12: 46248 | K12: Tran Manh Tuan | L12: Passed | M12: 46248 | N12: Tran Manh Tuan | O12: Type: N
A13: F020-02 | B13: List - UTCID02 | C13: Execute List. Verify returned result and side effects. | D13: - user must login | E13: - User is not signed in or login token is missing. - LoginToken=empty - Role=unknown | F13: Passed | G13: 46248 | H13: Tran Manh Tuan | I13: Passed | J13: 46248 | K13: Tran Manh Tuan | L13: Passed | M13: 46248 | N13: Tran Manh Tuan | O13: Type: N
A14: F020-03 | B14: List - UTCID03 | C14: Execute List. Verify returned result and side effects. | D14: - user has no permission | E14: - User is signed in but does not have the required role. - Role=MEMBER - RequiredRole=ADMIN | F14: Passed | G14: 46248 | H14: Tran Manh Tuan | I14: Passed | J14: 46248 | K14: Tran Manh Tuan | L14: Passed | M14: 46248 | N14: Tran Manh Tuan | O14: Type: N
A15: F020-04 | B15: List - UTCID04 | C15: Execute List. Verify returned result and side effects. | D15: - requested data not found | E15: - Requested data does not exist. - RecordId=9999 - Status=not found | F15: Passed | G15: 46248 | H15: Tran Manh Tuan | I15: Passed | J15: 46248 | K15: Tran Manh Tuan | L15: Passed | M15: 46248 | N15: Tran Manh Tuan | O15: Type: N
A16: F020-05 | B16: List - UTCID05 | C16: Execute List. Verify returned result and side effects. | D16: - invalid request data | E16: - RecordId=5 - Required field is empty | F16: Passed | G16: 46248 | H16: Tran Manh Tuan | I16: Passed | J16: 46248 | K16: Tran Manh Tuan | L16: Passed | M16: 46248 | N16: Tran Manh Tuan | O16: Type: N
A17: F020-06 | B17: List - UTCID06 | C17: Execute List. Verify returned result and side effects. | D17: - service temporarily unavailable | E17: - RecordId=5 - ServiceStatus=unavailable | F17: Passed | G17: 46248 | H17: Tran Manh Tuan | I17: Passed | J17: 46248 | K17: Tran Manh Tuan | L17: Passed | M17: 46248 | N17: Tran Manh Tuan | O17: Type: A
A18: F020-07 | B18: List - UTCID07 | C18: Execute List. Verify returned result and side effects. | D18: - Expected result returned - Data validated | E18: - Page=1; PageSize=100 | F18: Passed | G18: 46248 | H18: Tran Manh Tuan | I18: Passed | J18: 46248 | K18: Tran Manh Tuan | L18: Passed | M18: 46248 | N18: Tran Manh Tuan | O18: Type: N

Sheet Billing Authorization
A2: Feature | B2: Authorize (F021) | R2: Passed
A3: Test requirement | B3: Authorize workspace billing access | R3: Failed
A4: Number of TCs | B4: =COUNTIF(A12:A971,"*F021-*") -> 7 | R4: Pending
A5: Testing Round | B5: Passed | C5: Failed | D5: Pending | E5: N/A | R5: N/A
A6: Round 1 | B6: =COUNTIF($F10:$F954,B5) -> 7 | C6: =COUNTIF($F10:$F964,C5) -> 0 | D6: =COUNTIF($F10:$F964,D5) -> 0 | E6: =COUNTIF($F10:$F964,E5) -> 0
A7: Round 2 | B7: =COUNTIF($I10:$I954,B5) -> 7 | C7: =COUNTIF($F10:$F964,C5) -> 0 | D7: =COUNTIF($F10:$F964,D5) -> 0 | E7: =COUNTIF($F10:$F964,E5) -> 0
A8: Round 3 | B8: =COUNTIF($L10:$L954,B5) -> 7 | C8: =COUNTIF($F10:$F964,C5) -> 0 | D8: =COUNTIF($F10:$F964,D5) -> 0 | E8: =COUNTIF($F10:$F964,E5) -> 0
A10: Test Case ID | B10: Test Case Description | C10: Test Case Procedure | D10: Expected Results | E10: Pre-conditions | F10: Round 1 | G10: Test date | H10: Tester | I10: Round 2 | J10: Test date | K10: Tester | L10: Round 3 | M10: Test date | N10: Tester | O10: Note
A11: Authorize
A12: F021-01 | B12: Authorize - UTCID01 | C12: Execute Authorize. Verify returned result and side effects. | D12: - Expected result returned - Data validated - Billing request completed successfully | E12: - Subscription exists and has available credits. - SubscriptionId=20 - Action=AUTHORIZE; Credits=5 | F12: Passed | G12: 46248 | H12: Huynh Ngoc Ky | I12: Passed | J12: 46248 | K12: Huynh Ngoc Ky | L12: Passed | M12: 46248 | N12: Huynh Ngoc Ky | O12: Type: N
A13: F021-02 | B13: Authorize - UTCID02 | C13: Execute Authorize. Verify returned result and side effects. | D13: - user must login | E13: - User is not signed in. - LoginToken=empty - Action=AUTHORIZE | F13: Passed | G13: 46248 | H13: Huynh Ngoc Ky | I13: Passed | J13: 46248 | K13: Huynh Ngoc Ky | L13: Passed | M13: 46248 | N13: Huynh Ngoc Ky | O13: Type: N
A14: F021-03 | B14: Authorize - UTCID03 | C14: Execute Authorize. Verify returned result and side effects. | D14: - subscription is required | E14: - Workspace has no active subscription. - WorkspaceId=5 - SubscriptionStatus=NONE | F14: Passed | G14: 46248 | H14: Huynh Ngoc Ky | I14: Passed | J14: 46248 | K14: Huynh Ngoc Ky | L14: Passed | M14: 46248 | N14: Huynh Ngoc Ky | O14: Type: A
A15: F021-04 | B15: Authorize - UTCID04 | C15: Execute Authorize. Verify returned result and side effects. | D15: - subscription not found | E15: - Subscription does not exist. - SubscriptionId=9999 - Action=AUTHORIZE | F15: Passed | G15: 46248 | H15: Huynh Ngoc Ky | I15: Passed | J15: 46248 | K15: Huynh Ngoc Ky | L15: Passed | M15: 46248 | N15: Huynh Ngoc Ky | O15: Type: A
A16: F021-05 | B16: Authorize - UTCID05 | C16: Execute Authorize. Verify returned result and side effects. | D16: - credit amount is invalid | E16: - SubscriptionId=20 - Credits=-1 | F16: Passed | G16: 46248 | H16: Huynh Ngoc Ky | I16: Passed | J16: 46248 | K16: Huynh Ngoc Ky | L16: Passed | M16: 46248 | N16: Huynh Ngoc Ky | O16: Type: A
A17: F021-06 | B17: Authorize - UTCID06 | C17: Execute Authorize. Verify returned result and side effects. | D17: - billing service unavailable | E17: - SubscriptionId=20 - ServiceStatus=unavailable | F17: Passed | G17: 46248 | H17: Huynh Ngoc Ky | I17: Passed | J17: 46248 | K17: Huynh Ngoc Ky | L17: Passed | M17: 46248 | N17: Huynh Ngoc Ky | O17: Type: A
A18: F021-07 | B18: Authorize - UTCID07 | C18: Execute Authorize. Verify returned result and side effects. | D18: - Expected result returned - Data validated | E18: - SubscriptionId=20 | F18: Passed | G18: 46248 | H18: Huynh Ngoc Ky | I18: Passed | J18: 46248 | K18: Huynh Ngoc Ky | L18: Passed | M18: 46248 | N18: Huynh Ngoc Ky | O18: Type: N

Sheet Credit Consumption
A2: Feature | B2: ConsumeCredits (F022) | R2: Passed
A3: Test requirement | B3: Deduct subscription credits | R3: Failed
A4: Number of TCs | B4: =COUNTIF(A12:A998,"*F022-*") -> 6 | R4: Pending
A5: Testing Round | B5: Passed | C5: Failed | D5: Pending | E5: N/A | R5: N/A
A6: Round 1 | B6: =COUNTIF($F10:$F981,B5) -> 6 | C6: =COUNTIF($F10:$F990,C5) -> 0 | D6: =COUNTIF($F10:$F990,D5) -> 0 | E6: =COUNTIF($F10:$F990,E5) -> 0
A7: Round 2 | B7: =COUNTIF($I10:$I981,B5) -> 6 | C7: =COUNTIF($F10:$F990,C5) -> 0 | D7: =COUNTIF($F10:$F990,D5) -> 0 | E7: =COUNTIF($F10:$F990,E5) -> 0
A8: Round 3 | B8: =COUNTIF($L10:$L981,B5) -> 6 | C8: =COUNTIF($F10:$F990,C5) -> 0 | D8: =COUNTIF($F10:$F990,D5) -> 0 | E8: =COUNTIF($F10:$F990,E5) -> 0
A10: Test Case ID | B10: Test Case Description | C10: Test Case Procedure | D10: Expected Results | E10: Pre-conditions | F10: Round 1 | G10: Test date | H10: Tester | I10: Round 2 | J10: Test date | K10: Tester | L10: Round 3 | M10: Test date | N10: Tester | O10: Note
A11: ConsumeCredits
A12: F022-01 | B12: ConsumeCredits - UTCID01 | C12: Execute ConsumeCredits. Verify returned result and side effects. | D12: - Expected result returned - Data validated - Billing request completed successfully | E12: - Subscription exists and has available credits. - SubscriptionId=20 - Action=CONSUME_CREDITS; Credits=5 | F12: Passed | G12: 46248 | H12: Huynh Ngoc Ky | I12: Passed | J12: 46248 | K12: Huynh Ngoc Ky | L12: Passed | M12: 46248 | N12: Huynh Ngoc Ky | O12: Type: A
A13: F022-02 | B13: ConsumeCredits - UTCID02 | C13: Execute ConsumeCredits. Verify returned result and side effects. | D13: - user must login | E13: - User is not signed in. - LoginToken=empty - Action=CONSUME_CREDITS | F13: Passed | G13: 46248 | H13: Huynh Ngoc Ky | I13: Passed | J13: 46248 | K13: Huynh Ngoc Ky | L13: Passed | M13: 46248 | N13: Huynh Ngoc Ky | O13: Type: N
A14: F022-03 | B14: ConsumeCredits - UTCID03 | C14: Execute ConsumeCredits. Verify returned result and side effects. | D14: - subscription is required | E14: - Workspace has no active subscription. - WorkspaceId=5 - SubscriptionStatus=NONE | F14: Passed | G14: 46248 | H14: Huynh Ngoc Ky | I14: Passed | J14: 46248 | K14: Huynh Ngoc Ky | L14: Passed | M14: 46248 | N14: Huynh Ngoc Ky | O14: Type: B
A15: F022-04 | B15: ConsumeCredits - UTCID04 | C15: Execute ConsumeCredits. Verify returned result and side effects. | D15: - subscription not found | E15: - Subscription does not exist. - SubscriptionId=9999 - Action=CONSUME_CREDITS | F15: Passed | G15: 46248 | H15: Huynh Ngoc Ky | I15: Passed | J15: 46248 | K15: Huynh Ngoc Ky | L15: Passed | M15: 46248 | N15: Huynh Ngoc Ky | O15: Type: N
A16: F022-05 | B16: ConsumeCredits - UTCID05 | C16: Execute ConsumeCredits. Verify returned result and side effects. | D16: - credit amount is invalid | E16: - SubscriptionId=20 - Credits=-1 | F16: Passed | G16: 46248 | H16: Huynh Ngoc Ky | I16: Passed | J16: 46248 | K16: Huynh Ngoc Ky | L16: Passed | M16: 46248 | N16: Huynh Ngoc Ky | O16: Type: N
A17: F022-06 | B17: ConsumeCredits - UTCID06 | C17: Execute ConsumeCredits. Verify returned result and side effects. | D17: - billing service unavailable | E17: - SubscriptionId=20 - ServiceStatus=unavailable | F17: Passed | G17: 46248 | H17: Huynh Ngoc Ky | I17: Passed | J17: 46248 | K17: Huynh Ngoc Ky | L17: Passed | M17: 46248 | N17: Huynh Ngoc Ky | O17: Type: N

Sheet Webhook Handling
A2: Feature | B2: Webhook (F023) | R2: Passed
A3: Test requirement | B3: Process payment callback | R3: Failed
A4: Number of TCs | B4: =COUNTIF(A12:A931,"*F023-*") -> 5 | R4: Pending
A5: Testing Round | B5: Passed | C5: Failed | D5: Pending | E5: N/A | R5: N/A
A6: Round 1 | B6: =COUNTIF($F10:$F914,B5) -> 5 | C6: =COUNTIF($F10:$F932,C5) -> 0 | D6: =COUNTIF($F10:$F932,D5) -> 0 | E6: =COUNTIF($F10:$F932,E5) -> 0
A7: Round 2 | B7: =COUNTIF($I10:$I914,B5) -> 5 | C7: =COUNTIF($F10:$F932,C5) -> 0 | D7: =COUNTIF($F10:$F932,D5) -> 0 | E7: =COUNTIF($F10:$F932,E5) -> 0
A8: Round 3 | B8: =COUNTIF($L10:$L914,B5) -> 5 | C8: =COUNTIF($F10:$F932,C5) -> 0 | D8: =COUNTIF($F10:$F932,D5) -> 0 | E8: =COUNTIF($F10:$F932,E5) -> 0
A10: Test Case ID | B10: Test Case Description | C10: Test Case Procedure | D10: Expected Results | E10: Pre-conditions | F10: Round 1 | G10: Test date | H10: Tester | I10: Round 2 | J10: Test date | K10: Tester | L10: Round 3 | M10: Test date | N10: Tester | O10: Note
A11: Webhook
A12: F023-01 | B12: Webhook - UTCID01 | C12: Execute Webhook. Verify returned result and side effects. | D12: - Expected result returned - Data validated - Payment status updated | E12: - Payment transaction exists. - TransactionId=PAY-1001 - PaymentStatus=SUCCESS | F12: Passed | G12: 46248 | H12: Huynh Thai Tu | I12: Passed | J12: 46248 | K12: Huynh Thai Tu | L12: Passed | M12: 46248 | N12: Huynh Thai Tu | O12: Type: N
A13: F023-02 | B13: Webhook - UTCID02 | C13: Execute Webhook. Verify returned result and side effects. | D13: - Expected result returned - Data validated - Payment status updated | E13: - Payment transaction exists. - SubscriptionId=21 - Credits=2; Plan=PRO | F13: Passed | G13: 46248 | H13: Huynh Thai Tu | I13: Passed | J13: 46248 | K13: Huynh Thai Tu | L13: Passed | M13: 46248 | N13: Huynh Thai Tu | O13: Type: A
A14: F023-03 | B14: Webhook - UTCID03 | C14: Execute Webhook. Verify returned result and side effects. | D14: - Expected result returned - Data validated - Payment status updated | E14: - Payment transaction exists. - SubscriptionId=22 - Credits=3; Plan=PRO | F14: Passed | G14: 46248 | H14: Huynh Thai Tu | I14: Passed | J14: 46248 | K14: Huynh Thai Tu | L14: Passed | M14: 46248 | N14: Huynh Thai Tu | O14: Type: N
A15: F023-04 | B15: Webhook - UTCID04 | C15: Execute Webhook. Verify returned result and side effects. | D15: - Expected result returned - Data validated - Payment status updated | E15: - Payment transaction exists. - SubscriptionId=23 - Credits=4; Plan=PRO | F15: Passed | G15: 46248 | H15: Huynh Thai Tu | I15: Passed | J15: 46248 | K15: Huynh Thai Tu | L15: Passed | M15: 46248 | N15: Huynh Thai Tu | O15: Type: A
A16: F023-05 | B16: Webhook - UTCID05 | C16: Execute Webhook. Verify returned result and side effects. | D16: - Expected result returned - Data validated - Payment status updated | E16: - Payment transaction exists. - SubscriptionId=24 - Credits=5; Plan=PRO | F16: Passed | G16: 46248 | H16: Huynh Thai Tu | I16: Passed | J16: 46248 | K16: Huynh Thai Tu | L16: Passed | M16: 46248 | N16: Huynh Thai Tu | O16: Type: A

Sheet Usage Recording
A2: Feature | B2: RecordUsageAsync (F024) | R2: Passed
A3: Test requirement | B3: Record feature usage | R3: Failed
A4: Number of TCs | B4: =COUNTIF(A12:A838,"*F024-*") -> 6 | R4: Pending
A5: Testing Round | B5: Passed | C5: Failed | D5: Pending | E5: N/A | R5: N/A
A6: Round 1 | B6: =COUNTIF($F10:$F821,B5) -> 6 | C6: =COUNTIF($F10:$F838,C5) -> 0 | D6: =COUNTIF($F10:$F838,D5) -> 0 | E6: =COUNTIF($F10:$F838,E5) -> 0
A7: Round 2 | B7: =COUNTIF($I10:$I821,B5) -> 6 | C7: =COUNTIF($F10:$F838,C5) -> 0 | D7: =COUNTIF($F10:$F838,D5) -> 0 | E7: =COUNTIF($F10:$F838,E5) -> 0
A8: Round 3 | B8: =COUNTIF($L10:$L821,B5) -> 6 | C8: =COUNTIF($F10:$F838,C5) -> 0 | D8: =COUNTIF($F10:$F838,D5) -> 0 | E8: =COUNTIF($F10:$F838,E5) -> 0
A10: Test Case ID | B10: Test Case Description | C10: Test Case Procedure | D10: Expected Results | E10: Pre-conditions | F10: Round 1 | G10: Test date | H10: Tester | I10: Round 2 | J10: Test date | K10: Tester | L10: Round 3 | M10: Test date | N10: Tester | O10: Note
A11: RecordUsageAsync
A12: F024-01 | B12: RecordUsageAsync - UTCID01 | C12: Execute RecordUsageAsync. Verify returned result and side effects. | D12: - Expected result returned - Data validated - Billing request completed successfully | E12: - Subscription exists and has available credits. - SubscriptionId=20 - Action=RECORD_USAGE; Credits=5 | F12: Passed | G12: 46248 | H12: Huynh Ngoc Ky | I12: Passed | J12: 46248 | K12: Huynh Ngoc Ky | L12: Passed | M12: 46248 | N12: Huynh Ngoc Ky | O12: Type: N
A13: F024-02 | B13: RecordUsageAsync - UTCID02 | C13: Execute RecordUsageAsync. Verify returned result and side effects. | D13: - user must login | E13: - User is not signed in. - LoginToken=empty - Action=RECORD_USAGE | F13: Passed | G13: 46248 | H13: Huynh Ngoc Ky | I13: Passed | J13: 46248 | K13: Huynh Ngoc Ky | L13: Passed | M13: 46248 | N13: Huynh Ngoc Ky | O13: Type: N
A14: F024-03 | B14: RecordUsageAsync - UTCID03 | C14: Execute RecordUsageAsync. Verify returned result and side effects. | D14: - subscription is required | E14: - Workspace has no active subscription. - WorkspaceId=5 - SubscriptionStatus=NONE | F14: Passed | G14: 46248 | H14: Huynh Ngoc Ky | I14: Passed | J14: 46248 | K14: Huynh Ngoc Ky | L14: Passed | M14: 46248 | N14: Huynh Ngoc Ky | O14: Type: N
A15: F024-04 | B15: RecordUsageAsync - UTCID04 | C15: Execute RecordUsageAsync. Verify returned result and side effects. | D15: - subscription not found | E15: - Subscription does not exist. - SubscriptionId=9999 - Action=RECORD_USAGE | F15: Passed | G15: 46248 | H15: Huynh Ngoc Ky | I15: Passed | J15: 46248 | K15: Huynh Ngoc Ky | L15: Passed | M15: 46248 | N15: Huynh Ngoc Ky | O15: Type: N
A16: F024-05 | B16: RecordUsageAsync - UTCID05 | C16: Execute RecordUsageAsync. Verify returned result and side effects. | D16: - credit amount is invalid | E16: - SubscriptionId=20 - Credits=-1 | F16: Passed | G16: 46248 | H16: Huynh Ngoc Ky | I16: Passed | J16: 46248 | K16: Huynh Ngoc Ky | L16: Passed | M16: 46248 | N16: Huynh Ngoc Ky | O16: Type: N
A17: F024-06 | B17: RecordUsageAsync - UTCID06 | C17: Execute RecordUsageAsync. Verify returned result and side effects. | D17: - billing service unavailable | E17: - SubscriptionId=20 - ServiceStatus=unavailable | F17: Passed | G17: 46248 | H17: Huynh Ngoc Ky | I17: Passed | J17: 46248 | K17: Huynh Ngoc Ky | L17: Passed | M17: 46248 | N17: Huynh Ngoc Ky | O17: Type: N

Sheet Contract Terms
A2: Feature | B2: UpdateContractTermsAsync (F025) | R2: Passed
A3: Test requirement | B3: Update subscription contract terms | R3: Failed
A4: Number of TCs | B4: =COUNTIF(A12:A975,"*F025-*") -> 7 | R4: Pending
A5: Testing Round | B5: Passed | C5: Failed | D5: Pending | E5: N/A | R5: N/A
A6: Round 1 | B6: =COUNTIF($F10:$F958,B5) -> 7 | C6: =COUNTIF($F10:$F976,C5) -> 0 | D6: =COUNTIF($F10:$F976,D5) -> 0 | E6: =COUNTIF($F10:$F976,E5) -> 0
A7: Round 2 | B7: =COUNTIF($I10:$I958,B5) -> 7 | C7: =COUNTIF($F10:$F976,C5) -> 0 | D7: =COUNTIF($F10:$F976,D5) -> 0 | E7: =COUNTIF($F10:$F976,E5) -> 0
A8: Round 3 | B8: =COUNTIF($L10:$L958,B5) -> 7 | C8: =COUNTIF($F10:$F976,C5) -> 0 | D8: =COUNTIF($F10:$F976,D5) -> 0 | E8: =COUNTIF($F10:$F976,E5) -> 0
A10: Test Case ID | B10: Test Case Description | C10: Test Case Procedure | D10: Expected Results | E10: Pre-conditions | F10: Round 1 | G10: Test date | H10: Tester | I10: Round 2 | J10: Test date | K10: Tester | L10: Round 3 | M10: Test date | N10: Tester | O10: Note
A11: UpdateContractTermsAsync
A12: F025-01 | B12: UpdateContractTermsAsync - UTCID01 | C12: Execute UpdateContractTermsAsync. Verify returned result and side effects. | D12: - Expected result returned - Data validated - Glossary term published | E12: - Glossary term is ready to publish. - TermId=12 - Action=PUBLISH | F12: Passed | G12: 46248 | H12: Huynh Ngoc Ky | I12: Passed | J12: 46248 | K12: Huynh Ngoc Ky | L12: Passed | M12: 46248 | N12: Huynh Ngoc Ky | O12: Type: N
A13: F025-02 | B13: UpdateContractTermsAsync - UTCID02 | C13: Execute UpdateContractTermsAsync. Verify returned result and side effects. | D13: - Expected result returned - Data validated - Glossary term published | E13: - Glossary term is ready to publish. - SubscriptionId=21 - Credits=2; Plan=PRO | F13: Passed | G13: 46248 | H13: Huynh Ngoc Ky | I13: Passed | J13: 46248 | K13: Huynh Ngoc Ky | L13: Passed | M13: 46248 | N13: Huynh Ngoc Ky | O13: Type: N
A14: F025-03 | B14: UpdateContractTermsAsync - UTCID03 | C14: Execute UpdateContractTermsAsync. Verify returned result and side effects. | D14: - Expected result returned - Data validated - Glossary term published | E14: - Glossary term is ready to publish. - SubscriptionId=22 - Credits=3; Plan=PRO | F14: Passed | G14: 46248 | H14: Huynh Ngoc Ky | I14: Passed | J14: 46248 | K14: Huynh Ngoc Ky | L14: Passed | M14: 46248 | N14: Huynh Ngoc Ky | O14: Type: A
A15: F025-04 | B15: UpdateContractTermsAsync - UTCID04 | C15: Execute UpdateContractTermsAsync. Verify returned result and side effects. | D15: - Expected result returned - Data validated - Glossary term published | E15: - Glossary term is ready to publish. - SubscriptionId=23 - Credits=4; Plan=PRO | F15: Passed | G15: 46248 | H15: Huynh Ngoc Ky | I15: Passed | J15: 46248 | K15: Huynh Ngoc Ky | L15: Passed | M15: 46248 | N15: Huynh Ngoc Ky | O15: Type: A
A16: F025-05 | B16: UpdateContractTermsAsync - UTCID05 | C16: Execute UpdateContractTermsAsync. Verify returned result and side effects. | D16: - Expected result returned - Data validated - Glossary term published | E16: - Glossary term is ready to publish. - SubscriptionId=24 - Credits=5; Plan=PRO | F16: Passed | G16: 46248 | H16: Huynh Ngoc Ky | I16: Passed | J16: 46248 | K16: Huynh Ngoc Ky | L16: Passed | M16: 46248 | N16: Huynh Ngoc Ky | O16: Type: N
A17: F025-06 | B17: UpdateContractTermsAsync - UTCID06 | C17: Execute UpdateContractTermsAsync. Verify returned result and side effects. | D17: - Expected result returned - Data validated - Glossary term published | E17: - Glossary term is ready to publish. - SubscriptionId=25 - Credits=6; Plan=PRO | F17: Passed | G17: 46248 | H17: Huynh Ngoc Ky | I17: Passed | J17: 46248 | K17: Huynh Ngoc Ky | L17: Passed | M17: 46248 | N17: Huynh Ngoc Ky | O17: Type: N
A18: F025-07 | B18: UpdateContractTermsAsync - UTCID07 | C18: Execute UpdateContractTermsAsync. Verify returned result and side effects. | D18: - Expected result returned - Data validated - Glossary term published | E18: - Glossary term is ready to publish. - SubscriptionId=26 | F18: Passed | G18: 46248 | H18: Huynh Ngoc Ky | I18: Passed | J18: 46248 | K18: Huynh Ngoc Ky | L18: Passed | M18: 46248 | N18: Huynh Ngoc Ky | O18: Type: N

Sheet Messaging
A2: Feature | B2: SendMessageAsync (F026) | R2: Passed
A3: Test requirement | B3: Send message | R3: Failed
A4: Number of TCs | B4: =COUNTIF(A12:A968,"*F026-*") -> 7 | R4: Pending
A5: Testing Round | B5: Passed | C5: Failed | D5: Pending | E5: N/A | R5: N/A
A6: Round 1 | B6: =COUNTIF($F10:$F951,B5) -> 7 | C6: =COUNTIF($F10:$F979,C5) -> 0 | D6: =COUNTIF($F10:$F979,D5) -> 0 | E6: =COUNTIF($F10:$F979,E5) -> 0
A7: Round 2 | B7: =COUNTIF($I10:$I951,B5) -> 7 | C7: =COUNTIF($F10:$F979,C5) -> 0 | D7: =COUNTIF($F10:$F979,D5) -> 0 | E7: =COUNTIF($F10:$F979,E5) -> 0
A8: Round 3 | B8: =COUNTIF($L10:$L951,B5) -> 7 | C8: =COUNTIF($F10:$F979,C5) -> 0 | D8: =COUNTIF($F10:$F979,D5) -> 0 | E8: =COUNTIF($F10:$F979,E5) -> 0
A10: Test Case ID | B10: Test Case Description | C10: Test Case Procedure | D10: Expected Results | E10: Pre-conditions | F10: Round 1 | G10: Test date | H10: Tester | I10: Round 2 | J10: Test date | K10: Tester | L10: Round 3 | M10: Test date | N10: Tester | O10: Note
A11: SendMessageAsync
A12: F026-01 | B12: SendMessageAsync - UTCID01 | C12: Execute SendMessageAsync. Verify returned result and side effects. | D12: - Expected result returned - Data validated - Message sent successfully | E12: - Conversation exists and user has access. - ConversationId=15 - Message=Hello, are you available? | F12: Passed | G12: 46248 | H12: Ngo Xuan Hanh Nhi | I12: Passed | J12: 46248 | K12: Ngo Xuan Hanh Nhi | L12: Passed | M12: 46248 | N12: Ngo Xuan Hanh Nhi | O12: Type: B
A13: F026-02 | B13: SendMessageAsync - UTCID02 | C13: Execute SendMessageAsync. Verify returned result and side effects. | D13: - Expected result returned - Data validated - Message sent successfully | E13: - Conversation exists and user has access. - RecordId=101 - Value=2; Status=VALID | F13: Passed | G13: 46248 | H13: Ngo Xuan Hanh Nhi | I13: Passed | J13: 46248 | K13: Ngo Xuan Hanh Nhi | L13: Passed | M13: 46248 | N13: Ngo Xuan Hanh Nhi | O13: Type: B
A14: F026-03 | B14: SendMessageAsync - UTCID03 | C14: Execute SendMessageAsync. Verify returned result and side effects. | D14: - Expected result returned - Data validated - Message sent successfully | E14: - Conversation exists and user has access. - RecordId=102 - Value=3; Status=VALID | F14: Passed | G14: 46248 | H14: Ngo Xuan Hanh Nhi | I14: Passed | J14: 46248 | K14: Ngo Xuan Hanh Nhi | L14: Passed | M14: 46248 | N14: Ngo Xuan Hanh Nhi | O14: Type: A
A15: F026-04 | B15: SendMessageAsync - UTCID04 | C15: Execute SendMessageAsync. Verify returned result and side effects. | D15: - Expected result returned - Data validated - Message sent successfully | E15: - Conversation exists and user has access. - RecordId=103 - Value=4; Status=VALID | F15: Passed | G15: 46248 | H15: Ngo Xuan Hanh Nhi | I15: Passed | J15: 46248 | K15: Ngo Xuan Hanh Nhi | L15: Passed | M15: 46248 | N15: Ngo Xuan Hanh Nhi | O15: Type: A
A16: F026-05 | B16: SendMessageAsync - UTCID05 | C16: Execute SendMessageAsync. Verify returned result and side effects. | D16: - Expected result returned - Data validated - Message sent successfully | E16: - Conversation exists and user has access. - RecordId=104 - Value=5; Status=VALID | F16: Passed | G16: 46248 | H16: Ngo Xuan Hanh Nhi | I16: Passed | J16: 46248 | K16: Ngo Xuan Hanh Nhi | L16: Passed | M16: 46248 | N16: Ngo Xuan Hanh Nhi | O16: Type: N
A17: F026-06 | B17: SendMessageAsync - UTCID06 | C17: Execute SendMessageAsync. Verify returned result and side effects. | D17: - Expected result returned - Data validated - Message sent successfully | E17: - Conversation exists and user has access. - RecordId=105 - Value=6; Status=VALID | F17: Passed | G17: 46248 | H17: Ngo Xuan Hanh Nhi | I17: Passed | J17: 46248 | K17: Ngo Xuan Hanh Nhi | L17: Passed | M17: 46248 | N17: Ngo Xuan Hanh Nhi | O17: Type: N
A18: F026-07 | B18: SendMessageAsync - UTCID07 | C18: Execute SendMessageAsync. Verify returned result and side effects. | D18: - Expected result returned - Data validated - Message sent successfully | E18: - Conversation exists and user has access. - RecordId=106 | F18: Passed | G18: 46248 | H18: Ngo Xuan Hanh Nhi | I18: Passed | J18: 46248 | K18: Ngo Xuan Hanh Nhi | L18: Passed | M18: 46248 | N18: Ngo Xuan Hanh Nhi | O18: Type: N

Sheet Notification Read Status
A2: Feature | B2: MarkAsReadAsync (F027) | R2: Passed
A3: Test requirement | B3: Mark notification as read | R3: Failed
A4: Number of TCs | B4: =COUNTIF(A12:A925,"*F027-*") -> 5 | R4: Pending
A5: Testing Round | B5: Passed | C5: Failed | D5: Pending | E5: N/A | R5: N/A
A6: Round 1 | B6: =COUNTIF($F10:$F908,B5) -> 5 | C6: =COUNTIF($F10:$F900,C5) -> 0 | D6: =COUNTIF($F10:$F900,D5) -> 0 | E6: =COUNTIF($F10:$F900,E5) -> 0
A7: Round 2 | B7: =COUNTIF($I10:$I908,B5) -> 5 | C7: =COUNTIF($F10:$F900,C5) -> 0 | D7: =COUNTIF($F10:$F900,D5) -> 0 | E7: =COUNTIF($F10:$F900,E5) -> 0
A8: Round 3 | B8: =COUNTIF($L10:$L908,B5) -> 5 | C8: =COUNTIF($F10:$F900,C5) -> 0 | D8: =COUNTIF($F10:$F900,D5) -> 0 | E8: =COUNTIF($F10:$F900,E5) -> 0
A10: Test Case ID | B10: Test Case Description | C10: Test Case Procedure | D10: Expected Results | E10: Pre-conditions | F10: Round 1 | G10: Test date | H10: Tester | I10: Round 2 | J10: Test date | K10: Tester | L10: Round 3 | M10: Test date | N10: Tester | O10: Note
A11: MarkAsReadAsync
A12: F027-01 | B12: MarkAsReadAsync - UTCID01 | C12: Execute MarkAsReadAsync. Verify returned result and side effects. | D12: - Expected result returned - Data validated - Notification request completed successfully | E12: - Recipient and notification data exist. - RecipientId=7 - Action=MARK_READ; Title=System notice | F12: Passed | G12: 46248 | H12: Huynh Ngoc Ky | I12: Passed | J12: 46248 | K12: Huynh Ngoc Ky | L12: Passed | M12: 46248 | N12: Huynh Ngoc Ky | O12: Type: N
A13: F027-02 | B13: MarkAsReadAsync - UTCID02 | C13: Execute MarkAsReadAsync. Verify returned result and side effects. | D13: - user must login | E13: - User is not signed in. - LoginToken=empty - Action=MARK_READ | F13: Passed | G13: 46248 | H13: Huynh Ngoc Ky | I13: Passed | J13: 46248 | K13: Huynh Ngoc Ky | L13: Passed | M13: 46248 | N13: Huynh Ngoc Ky | O13: Type: A
A14: F027-03 | B14: MarkAsReadAsync - UTCID03 | C14: Execute MarkAsReadAsync. Verify returned result and side effects. | D14: - recipient not found | E14: - Recipient does not exist. - RecipientId=9999 - Title=System notice | F14: Passed | G14: 46248 | H14: Huynh Ngoc Ky | I14: Passed | J14: 46248 | K14: Huynh Ngoc Ky | L14: Passed | M14: 46248 | N14: Huynh Ngoc Ky | O14: Type: A
A15: F027-04 | B15: MarkAsReadAsync - UTCID04 | C15: Execute MarkAsReadAsync. Verify returned result and side effects. | D15: - title is required | E15: - Notification title is empty. - RecipientId=7 - Title=empty | F15: Passed | G15: 46248 | H15: Huynh Ngoc Ky | I15: Passed | J15: 46248 | K15: Huynh Ngoc Ky | L15: Passed | M15: 46248 | N15: Huynh Ngoc Ky | O15: Type: A
A16: F027-05 | B16: MarkAsReadAsync - UTCID05 | C16: Execute MarkAsReadAsync. Verify returned result and side effects. | D16: - body is required | E16: - RecipientId=7 - Body=empty | F16: Passed | G16: 46248 | H16: Huynh Ngoc Ky | I16: Passed | J16: 46248 | K16: Huynh Ngoc Ky | L16: Passed | M16: 46248 | N16: Huynh Ngoc Ky | O16: Type: N

Sheet Validation Test
A2: Feature | B2: Test (F028) | R2: Passed
A3: Test requirement | B3: Send test notification | R3: Failed
A4: Number of TCs | B4: =COUNTIF(A12:A900,"*F028-*") -> 7 | R4: Pending
A5: Testing Round | B5: Passed | C5: Failed | D5: Pending | E5: N/A | R5: N/A
A6: Round 1 | B6: =COUNTIF($F10:$F883,B5) -> 7 | C6: =COUNTIF($F10:$F859,C5) -> 0 | D6: =COUNTIF($F10:$F859,D5) -> 0 | E6: =COUNTIF($F10:$F859,E5) -> 0
A7: Round 2 | B7: =COUNTIF($I10:$I883,B5) -> 7 | C7: =COUNTIF($F10:$F859,C5) -> 0 | D7: =COUNTIF($F10:$F859,D5) -> 0 | E7: =COUNTIF($F10:$F859,E5) -> 0
A8: Round 3 | B8: =COUNTIF($L10:$L883,B5) -> 7 | C8: =COUNTIF($F10:$F859,C5) -> 0 | D8: =COUNTIF($F10:$F859,D5) -> 0 | E8: =COUNTIF($F10:$F859,E5) -> 0
A10: Test Case ID | B10: Test Case Description | C10: Test Case Procedure | D10: Expected Results | E10: Pre-conditions | F10: Round 1 | G10: Test date | H10: Tester | I10: Round 2 | J10: Test date | K10: Tester | L10: Round 3 | M10: Test date | N10: Tester | O10: Note
A11: Test
A12: F028-01 | B12: Test - UTCID01 | C12: Execute Test. Verify returned result and side effects. | D12: - Expected result returned - Data validated - Notification request completed successfully | E12: - Recipient and notification data exist. - RecipientId=7 - Action=SEND; Title=System notice | F12: Passed | G12: 46248 | H12: Huynh Thai Tu | I12: Passed | J12: 46248 | K12: Huynh Thai Tu | L12: Passed | M12: 46248 | N12: Huynh Thai Tu | O12: Type: N
A13: F028-02 | B13: Test - UTCID02 | C13: Execute Test. Verify returned result and side effects. | D13: - user must login | E13: - User is not signed in. - LoginToken=empty - Action=SEND | F13: Passed | G13: 46248 | H13: Huynh Thai Tu | I13: Passed | J13: 46248 | K13: Huynh Thai Tu | L13: Passed | M13: 46248 | N13: Huynh Thai Tu | O13: Type: B
A14: F028-03 | B14: Test - UTCID03 | C14: Execute Test. Verify returned result and side effects. | D14: - recipient not found | E14: - Recipient does not exist. - RecipientId=9999 - Title=System notice | F14: Passed | G14: 46248 | H14: Huynh Thai Tu | I14: Passed | J14: 46248 | K14: Huynh Thai Tu | L14: Passed | M14: 46248 | N14: Huynh Thai Tu | O14: Type: B
A15: F028-04 | B15: Test - UTCID04 | C15: Execute Test. Verify returned result and side effects. | D15: - title is required | E15: - Notification title is empty. - RecipientId=7 - Title=empty | F15: Passed | G15: 46248 | H15: Huynh Thai Tu | I15: Passed | J15: 46248 | K15: Huynh Thai Tu | L15: Passed | M15: 46248 | N15: Huynh Thai Tu | O15: Type: A
A16: F028-05 | B16: Test - UTCID05 | C16: Execute Test. Verify returned result and side effects. | D16: - body is required | E16: - RecipientId=7 - Body=empty | F16: Passed | G16: 46248 | H16: Huynh Thai Tu | I16: Passed | J16: 46248 | K16: Huynh Thai Tu | L16: Passed | M16: 46248 | N16: Huynh Thai Tu | O16: Type: N
A17: F028-06 | B17: Test - UTCID06 | C17: Execute Test. Verify returned result and side effects. | D17: - notification service unavailable | E17: - RecipientId=7 - ServiceStatus=unavailable | F17: Passed | G17: 46248 | H17: Huynh Thai Tu | I17: Passed | J17: 46248 | K17: Huynh Thai Tu | L17: Passed | M17: 46248 | N17: Huynh Thai Tu | O17: Type: N
A18: F028-07 | B18: Test - UTCID07 | C18: Execute Test. Verify returned result and side effects. | D18: - Expected result returned - Data validated - Notification request completed successfully | E18: - RecipientId=7 | F18: Passed | G18: 46248 | H18: Huynh Thai Tu | I18: Passed | J18: 46248 | K18: Huynh Thai Tu | L18: Passed | M18: 46248 | N18: Huynh Thai Tu | O18: Type: A

Sheet Validation
A2: Feature | B2: Validate (F029) | R2: Passed
A3: Test requirement | B3: Validate notification request | R3: Failed
A4: Number of TCs | B4: =COUNTIF(A12:A978,"*F029-*") -> 7 | R4: Pending
A5: Testing Round | B5: Passed | C5: Failed | D5: Pending | E5: N/A | R5: N/A
A6: Round 1 | B6: =COUNTIF($F10:$F961,B5) -> 7 | C6: =COUNTIF($F10:$F951,C5) -> 0 | D6: =COUNTIF($F10:$F951,D5) -> 0 | E6: =COUNTIF($F10:$F951,E5) -> 0
A7: Round 2 | B7: =COUNTIF($I10:$I961,B5) -> 7 | C7: =COUNTIF($F10:$F951,C5) -> 0 | D7: =COUNTIF($F10:$F951,D5) -> 0 | E7: =COUNTIF($F10:$F951,E5) -> 0
A8: Round 3 | B8: =COUNTIF($L10:$L961,B5) -> 7 | C8: =COUNTIF($F10:$F951,C5) -> 0 | D8: =COUNTIF($F10:$F951,D5) -> 0 | E8: =COUNTIF($F10:$F951,E5) -> 0
A10: Test Case ID | B10: Test Case Description | C10: Test Case Procedure | D10: Expected Results | E10: Pre-conditions | F10: Round 1 | G10: Test date | H10: Tester | I10: Round 2 | J10: Test date | K10: Tester | L10: Round 3 | M10: Test date | N10: Tester | O10: Note
A11: Validate
A12: F029-01 | B12: Validate - UTCID01 | C12: Execute Validate. Verify returned result and side effects. | D12: - Expected result returned - Data validated - Notification request completed successfully | E12: - Recipient and notification data exist. - RecipientId=7 - Action=SEND; Title=System notice | F12: Passed | G12: 46248 | H12: Huynh Ngoc Ky | I12: Passed | J12: 46248 | K12: Huynh Ngoc Ky | L12: Passed | M12: 46248 | N12: Huynh Ngoc Ky | O12: Type: A
A13: F029-02 | B13: Validate - UTCID02 | C13: Execute Validate. Verify returned result and side effects. | D13: - user must login | E13: - User is not signed in. - LoginToken=empty - Action=SEND | F13: Passed | G13: 46248 | H13: Huynh Ngoc Ky | I13: Passed | J13: 46248 | K13: Huynh Ngoc Ky | L13: Passed | M13: 46248 | N13: Huynh Ngoc Ky | O13: Type: N
A14: F029-03 | B14: Validate - UTCID03 | C14: Execute Validate. Verify returned result and side effects. | D14: - recipient not found | E14: - Recipient does not exist. - RecipientId=9999 - Title=System notice | F14: Passed | G14: 46248 | H14: Huynh Ngoc Ky | I14: Passed | J14: 46248 | K14: Huynh Ngoc Ky | L14: Passed | M14: 46248 | N14: Huynh Ngoc Ky | O14: Type: A
A15: F029-04 | B15: Validate - UTCID04 | C15: Execute Validate. Verify returned result and side effects. | D15: - title is required | E15: - Notification title is empty. - RecipientId=7 - Title=empty | F15: Passed | G15: 46248 | H15: Huynh Ngoc Ky | I15: Passed | J15: 46248 | K15: Huynh Ngoc Ky | L15: Passed | M15: 46248 | N15: Huynh Ngoc Ky | O15: Type: A
A16: F029-05 | B16: Validate - UTCID05 | C16: Execute Validate. Verify returned result and side effects. | D16: - body is required | E16: - RecipientId=7 - Body=empty | F16: Passed | G16: 46248 | H16: Huynh Ngoc Ky | I16: Passed | J16: 46248 | K16: Huynh Ngoc Ky | L16: Passed | M16: 46248 | N16: Huynh Ngoc Ky | O16: Type: N
A17: F029-06 | B17: Validate - UTCID06 | C17: Execute Validate. Verify returned result and side effects. | D17: - notification service unavailable | E17: - RecipientId=7 - ServiceStatus=unavailable | F17: Passed | G17: 46248 | H17: Huynh Ngoc Ky | I17: Passed | J17: 46248 | K17: Huynh Ngoc Ky | L17: Passed | M17: 46248 | N17: Huynh Ngoc Ky | O17: Type: A
A18: F029-07 | B18: Validate - UTCID07 | C18: Execute Validate. Verify returned result and side effects. | D18: - Expected result returned - Data validated - Notification request completed successfully | E18: - RecipientId=7 | F18: Passed | G18: 46248 | H18: Huynh Ngoc Ky | I18: Passed | J18: 46248 | K18: Huynh Ngoc Ky | L18: Passed | M18: 46248 | N18: Huynh Ngoc Ky | O18: Type: A

Sheet Session Start
A2: Feature | B2: Start (F030) | R2: Passed
A3: Test requirement | B3: Start breakout session | R3: Failed
A4: Number of TCs | B4: =COUNTIF(A12:A1002,"*F030-*") -> 7 | R4: Pending
A5: Testing Round | B5: Passed | C5: Failed | D5: Pending | E5: N/A | R5: N/A
A6: Round 1 | B6: =COUNTIF($F10:$F985,B5) -> 7 | C6: =COUNTIF($F10:$F974,C5) -> 0 | D6: =COUNTIF($F10:$F974,D5) -> 0 | E6: =COUNTIF($F10:$F974,E5) -> 0
A7: Round 2 | B7: =COUNTIF($I10:$I985,B5) -> 7 | C7: =COUNTIF($F10:$F974,C5) -> 0 | D7: =COUNTIF($F10:$F974,D5) -> 0 | E7: =COUNTIF($F10:$F974,E5) -> 0
A8: Round 3 | B8: =COUNTIF($L10:$L985,B5) -> 7 | C8: =COUNTIF($F10:$F974,C5) -> 0 | D8: =COUNTIF($F10:$F974,D5) -> 0 | E8: =COUNTIF($F10:$F974,E5) -> 0
A10: Test Case ID | B10: Test Case Description | C10: Test Case Procedure | D10: Expected Results | E10: Pre-conditions | F10: Round 1 | G10: Test date | H10: Tester | I10: Round 2 | J10: Test date | K10: Tester | L10: Round 3 | M10: Test date | N10: Tester | O10: Note
A11: Start
A12: F030-01 | B12: Start - UTCID01 | C12: Execute Start. Verify returned result and side effects. | D12: - Expected result returned - Data validated - Breakout session started | E12: - Meeting exists and host has permission. - MeetingId=MT-1001 - BreakoutAction=START | F12: Passed | G12: 46248 | H12: Huynh Thai Tu | I12: Passed | J12: 46248 | K12: Huynh Thai Tu | L12: Passed | M12: 46248 | N12: Huynh Thai Tu | O12: Type: N
A13: F030-02 | B13: Start - UTCID02 | C13: Execute Start. Verify returned result and side effects. | D13: - Expected result returned - Data validated - Breakout session started | E13: - Meeting exists and host has permission. - RoomId=TR-1001 - ParticipantId=8; Language=vi-VN | F13: Passed | G13: 46248 | H13: Huynh Thai Tu | I13: Passed | J13: 46248 | K13: Huynh Thai Tu | L13: Passed | M13: 46248 | N13: Huynh Thai Tu | O13: Type: A
A14: F030-03 | B14: Start - UTCID03 | C14: Execute Start. Verify returned result and side effects. | D14: - Expected result returned - Data validated - Breakout session started | E14: - Meeting exists and host has permission. - RoomId=TR-1002 - ParticipantId=9; Language=en-US | F14: Passed | G14: 46248 | H14: Huynh Thai Tu | I14: Passed | J14: 46248 | K14: Huynh Thai Tu | L14: Passed | M14: 46248 | N14: Huynh Thai Tu | O14: Type: A
A15: F030-04 | B15: Start - UTCID04 | C15: Execute Start. Verify returned result and side effects. | D15: - Expected result returned - Data validated - Breakout session started | E15: - Meeting exists and host has permission. - RoomId=TR-1003 - ParticipantId=10; Language=vi-VN | F15: Passed | G15: 46248 | H15: Huynh Thai Tu | I15: Passed | J15: 46248 | K15: Huynh Thai Tu | L15: Passed | M15: 46248 | N15: Huynh Thai Tu | O15: Type: A
A16: F030-05 | B16: Start - UTCID05 | C16: Execute Start. Verify returned result and side effects. | D16: - Expected result returned - Data validated - Breakout session started | E16: - Meeting exists and host has permission. - RoomId=TR-1004 - ParticipantId=11; Language=en-US | F16: Passed | G16: 46248 | H16: Huynh Thai Tu | I16: Passed | J16: 46248 | K16: Huynh Thai Tu | L16: Passed | M16: 46248 | N16: Huynh Thai Tu | O16: Type: N
A17: F030-06 | B17: Start - UTCID06 | C17: Execute Start. Verify returned result and side effects. | D17: - Expected result returned - Data validated - Breakout session started | E17: - Meeting exists and host has permission. - RoomId=TR-1005 - ParticipantId=12; Language=vi-VN | F17: Passed | G17: 46248 | H17: Huynh Thai Tu | I17: Passed | J17: 46248 | K17: Huynh Thai Tu | L17: Passed | M17: 46248 | N17: Huynh Thai Tu | O17: Type: N
A18: F030-07 | B18: Start - UTCID07 | C18: Execute Start. Verify returned result and side effects. | D18: - Expected result returned - Data validated - Breakout session started | E18: - Meeting exists and host has permission. - RoomId=TR-1006 | F18: Passed | G18: 46248 | H18: Huynh Thai Tu | I18: Passed | J18: 46248 | K18: Huynh Thai Tu | L18: Passed | M18: 46248 | N18: Huynh Thai Tu | O18: Type: N

Sheet Workspace Suspension
A2: Feature | B2: SuspendAsync (F031) | R2: Passed
A3: Test requirement | B3: Suspend workspace access | R3: Failed
A4: Number of TCs | B4: =COUNTIF(A12:A925,"*F031-*") -> 7 | R4: Pending
A5: Testing Round | B5: Passed | C5: Failed | D5: Pending | E5: N/A | R5: N/A
A6: Round 1 | B6: =COUNTIF($F10:$F908,B5) -> 7 | C6: =COUNTIF($F10:$F920,C5) -> 0 | D6: =COUNTIF($F10:$F920,D5) -> 0 | E6: =COUNTIF($F10:$F920,E5) -> 0
A7: Round 2 | B7: =COUNTIF($I10:$I908,B5) -> 7 | C7: =COUNTIF($F10:$F920,C5) -> 0 | D7: =COUNTIF($F10:$F920,D5) -> 0 | E7: =COUNTIF($F10:$F920,E5) -> 0
A8: Round 3 | B8: =COUNTIF($L10:$L908,B5) -> 7 | C8: =COUNTIF($F10:$F920,C5) -> 0 | D8: =COUNTIF($F10:$F920,D5) -> 0 | E8: =COUNTIF($F10:$F920,E5) -> 0
A10: Test Case ID | B10: Test Case Description | C10: Test Case Procedure | D10: Expected Results | E10: Pre-conditions | F10: Round 1 | G10: Test date | H10: Tester | I10: Round 2 | J10: Test date | K10: Tester | L10: Round 3 | M10: Test date | N10: Tester | O10: Note
A11: SuspendAsync
A12: F031-01 | B12: SuspendAsync - UTCID01 | C12: Execute SuspendAsync. Verify returned result and side effects. | D12: - Expected result returned - Data validated - Workspace request completed successfully | E12: - Workspace exists and user has permission. - WorkspaceId=5 - Action=SUSPEND; Role=ADMIN | F12: Passed | G12: 46248 | H12: Tran Manh Tuan | I12: Passed | J12: 46248 | K12: Tran Manh Tuan | L12: Passed | M12: 46248 | N12: Tran Manh Tuan | O12: Type: N
A13: F031-02 | B13: SuspendAsync - UTCID02 | C13: Execute SuspendAsync. Verify returned result and side effects. | D13: - user must login | E13: - User is not signed in. - LoginToken=empty - Action=SUSPEND | F13: Passed | G13: 46248 | H13: Tran Manh Tuan | I13: Passed | J13: 46248 | K13: Tran Manh Tuan | L13: Passed | M13: 46248 | N13: Tran Manh Tuan | O13: Type: N
A14: F031-03 | B14: SuspendAsync - UTCID03 | C14: Execute SuspendAsync. Verify returned result and side effects. | D14: - user has no permission | E14: - User role is not allowed. - WorkspaceId=5 - Role=MEMBER | F14: Passed | G14: 46248 | H14: Tran Manh Tuan | I14: Passed | J14: 46248 | K14: Tran Manh Tuan | L14: Passed | M14: 46248 | N14: Tran Manh Tuan | O14: Type: N
A15: F031-04 | B15: SuspendAsync - UTCID04 | C15: Execute SuspendAsync. Verify returned result and side effects. | D15: - workspace not found | E15: - Workspace does not exist. - WorkspaceId=9999 - Action=SUSPEND | F15: Passed | G15: 46248 | H15: Tran Manh Tuan | I15: Passed | J15: 46248 | K15: Tran Manh Tuan | L15: Passed | M15: 46248 | N15: Tran Manh Tuan | O15: Type: N
A16: F031-05 | B16: SuspendAsync - UTCID05 | C16: Execute SuspendAsync. Verify returned result and side effects. | D16: - workspace id is required | E16: - WorkspaceId=empty - Action=SUSPEND | F16: Passed | G16: 46248 | H16: Tran Manh Tuan | I16: Passed | J16: 46248 | K16: Tran Manh Tuan | L16: Passed | M16: 46248 | N16: Tran Manh Tuan | O16: Type: N
A17: F031-06 | B17: SuspendAsync - UTCID06 | C17: Execute SuspendAsync. Verify returned result and side effects. | D17: - workspace already processed | E17: - WorkspaceId=6 - Status=SUSPENDED | F17: Passed | G17: 46248 | H17: Tran Manh Tuan | I17: Passed | J17: 46248 | K17: Tran Manh Tuan | L17: Passed | M17: 46248 | N17: Tran Manh Tuan | O17: Type: N
A18: F031-07 | B18: SuspendAsync - UTCID07 | C18: Execute SuspendAsync. Verify returned result and side effects. | D18: - Expected result returned - Data validated | E18: - Page=1 | F18: Passed | G18: 46248 | H18: Tran Manh Tuan | I18: Passed | J18: 46248 | K18: Tran Manh Tuan | L18: Passed | M18: 46248 | N18: Tran Manh Tuan | O18: Type: N

Sheet Meeting Validation
A2: Feature | B2: ValidateMeetingCreationAsync (F032) | R2: Passed
A3: Test requirement | B3: Validate meeting creation permission | R3: Failed
A4: Number of TCs | B4: =COUNTIF(A12:A992,"*F032-*") -> 7 | R4: Pending
A5: Testing Round | B5: Passed | C5: Failed | D5: Pending | E5: N/A | R5: N/A
A6: Round 1 | B6: =COUNTIF($F10:$F975,B5) -> 7 | C6: =COUNTIF($F10:$F986,C5) -> 0 | D6: =COUNTIF($F10:$F986,D5) -> 0 | E6: =COUNTIF($F10:$F986,E5) -> 0
A7: Round 2 | B7: =COUNTIF($I10:$I975,B5) -> 7 | C7: =COUNTIF($F10:$F986,C5) -> 0 | D7: =COUNTIF($F10:$F986,D5) -> 0 | E7: =COUNTIF($F10:$F986,E5) -> 0
A8: Round 3 | B8: =COUNTIF($L10:$L975,B5) -> 7 | C8: =COUNTIF($F10:$F986,C5) -> 0 | D8: =COUNTIF($F10:$F986,D5) -> 0 | E8: =COUNTIF($F10:$F986,E5) -> 0
A10: Test Case ID | B10: Test Case Description | C10: Test Case Procedure | D10: Expected Results | E10: Pre-conditions | F10: Round 1 | G10: Test date | H10: Tester | I10: Round 2 | J10: Test date | K10: Tester | L10: Round 3 | M10: Test date | N10: Tester | O10: Note
A11: ValidateMeetingCreationAsync
A12: F032-01 | B12: ValidateMeetingCreationAsync - UTCID01 | C12: Execute ValidateMeetingCreationAsync. Verify returned result and side effects. | D12: - Expected result returned - Data validated - Workspace request completed successfully | E12: - Workspace exists and user has permission. - WorkspaceId=5 - Action=MEETING_PERMISSION; Role=ADMIN | F12: Passed | G12: 46248 | H12: Tran Manh Tuan | I12: Passed | J12: 46248 | K12: Tran Manh Tuan | L12: Passed | M12: 46248 | N12: Tran Manh Tuan | O12: Type: N
A13: F032-02 | B13: ValidateMeetingCreationAsync - UTCID02 | C13: Execute ValidateMeetingCreationAsync. Verify returned result and side effects. | D13: - user must login | E13: - User is not signed in. - LoginToken=empty - Action=MEETING_PERMISSION | F13: Passed | G13: 46248 | H13: Tran Manh Tuan | I13: Passed | J13: 46248 | K13: Tran Manh Tuan | L13: Passed | M13: 46248 | N13: Tran Manh Tuan | O13: Type: N
A14: F032-03 | B14: ValidateMeetingCreationAsync - UTCID03 | C14: Execute ValidateMeetingCreationAsync. Verify returned result and side effects. | D14: - user has no permission | E14: - User role is not allowed. - WorkspaceId=5 - Role=MEMBER | F14: Passed | G14: 46248 | H14: Tran Manh Tuan | I14: Passed | J14: 46248 | K14: Tran Manh Tuan | L14: Passed | M14: 46248 | N14: Tran Manh Tuan | O14: Type: N
A15: F032-04 | B15: ValidateMeetingCreationAsync - UTCID04 | C15: Execute ValidateMeetingCreationAsync. Verify returned result and side effects. | D15: - workspace not found | E15: - Workspace does not exist. - WorkspaceId=9999 - Action=MEETING_PERMISSION | F15: Passed | G15: 46248 | H15: Tran Manh Tuan | I15: Passed | J15: 46248 | K15: Tran Manh Tuan | L15: Passed | M15: 46248 | N15: Tran Manh Tuan | O15: Type: N
A16: F032-05 | B16: ValidateMeetingCreationAsync - UTCID05 | C16: Execute ValidateMeetingCreationAsync. Verify returned result and side effects. | D16: - workspace id is required | E16: - WorkspaceId=empty - Action=MEETING_PERMISSION | F16: Passed | G16: 46248 | H16: Tran Manh Tuan | I16: Passed | J16: 46248 | K16: Tran Manh Tuan | L16: Passed | M16: 46248 | N16: Tran Manh Tuan | O16: Type: B
A17: F032-06 | B17: ValidateMeetingCreationAsync - UTCID06 | C17: Execute ValidateMeetingCreationAsync. Verify returned result and side effects. | D17: - workspace already processed | E17: - WorkspaceId=6 - Status=SUSPENDED | F17: Passed | G17: 46248 | H17: Tran Manh Tuan | I17: Passed | J17: 46248 | K17: Tran Manh Tuan | L17: Passed | M17: 46248 | N17: Tran Manh Tuan | O17: Type: N
A18: F032-07 | B18: ValidateMeetingCreationAsync - UTCID07 | C18: Execute ValidateMeetingCreationAsync. Verify returned result and side effects. | D18: - Expected result returned - Data validated | E18: - Page=1 | F18: Passed | G18: 46248 | H18: Tran Manh Tuan | I18: Passed | J18: 46248 | K18: Tran Manh Tuan | L18: Passed | M18: 46248 | N18: Tran Manh Tuan | O18: Type: N

Sheet Token Refresh
A2: Feature | B2: Refresh (F033) | R2: Passed
A3: Test requirement | B3: Refresh signed-in user session | R3: Failed
A4: Number of TCs | B4: =COUNTIF(A12:A927,"*F033-*") -> 7 | R4: Pending
A5: Testing Round | B5: Passed | C5: Failed | D5: Pending | E5: N/A | R5: N/A
A6: Round 1 | B6: =COUNTIF($F10:$F910,B5) -> 7 | C6: =COUNTIF($F10:$F921,C5) -> 0 | D6: =COUNTIF($F10:$F921,D5) -> 0 | E6: =COUNTIF($F10:$F921,E5) -> 0
A7: Round 2 | B7: =COUNTIF($I10:$I910,B5) -> 7 | C7: =COUNTIF($F10:$F921,C5) -> 0 | D7: =COUNTIF($F10:$F921,D5) -> 0 | E7: =COUNTIF($F10:$F921,E5) -> 0
A8: Round 3 | B8: =COUNTIF($L10:$L910,B5) -> 7 | C8: =COUNTIF($F10:$F921,C5) -> 0 | D8: =COUNTIF($F10:$F921,D5) -> 0 | E8: =COUNTIF($F10:$F921,E5) -> 0
A10: Test Case ID | B10: Test Case Description | C10: Test Case Procedure | D10: Expected Results | E10: Pre-conditions | F10: Round 1 | G10: Test date | H10: Tester | I10: Round 2 | J10: Test date | K10: Tester | L10: Round 3 | M10: Test date | N10: Tester | O10: Note
A11: Refresh
A12: F033-01 | B12: Refresh - UTCID01 | C12: Execute Refresh. Verify returned result and side effects. | D12: - user must login again | E12: - Browser session token is missing. - empty refresh token - remember-me cookie missing | F12: Passed | G12: 46248 | H12: Huynh Thai Tu | I12: Passed | J12: 46248 | K12: Huynh Thai Tu | L12: Passed | M12: 46248 | N12: Huynh Thai Tu | O12: Type: A
A13: F033-02 | B13: Refresh - UTCID02 | C13: Execute Refresh. Verify returned result and side effects. | D13: - Expected result returned - Data validated - new session token issued | E13: - User has a valid active session. - valid-refresh-token - current access token | F13: Passed | G13: 46248 | H13: Huynh Thai Tu | I13: Passed | J13: 46248 | K13: Huynh Thai Tu | L13: Passed | M13: 46248 | N13: Huynh Thai Tu | O13: Type: N
A14: F033-03 | B14: Refresh - UTCID03 | C14: Execute Refresh. Verify returned result and side effects. | D14: - expired browser session is cleared | E14: - Browser session token is expired. - expired-refresh-token - current access token | F14: Passed | G14: 46248 | H14: Huynh Thai Tu | I14: Passed | J14: 46248 | K14: Huynh Thai Tu | L14: Passed | M14: 46248 | N14: Huynh Thai Tu | O14: Type: N
A15: F033-04 | B15: Refresh - UTCID04 | C15: Execute Refresh. Verify returned result and side effects. | D15: - user must login again | E15: - Browser session token was revoked. - revoked-refresh-token - current access token | F15: Passed | G15: 46248 | H15: Huynh Thai Tu | I15: Passed | J15: 46248 | K15: Huynh Thai Tu | L15: Passed | M15: 46248 | N15: Huynh Thai Tu | O15: Type: N
A16: F033-05 | B16: Refresh - UTCID05 | C16: Execute Refresh. Verify returned result and side effects. | D16: - expired browser session is cleared | E16: - user5@example.com - Password523@ | F16: Passed | G16: 46248 | H16: Huynh Thai Tu | I16: Passed | J16: 46248 | K16: Huynh Thai Tu | L16: Passed | M16: 46248 | N16: Huynh Thai Tu | O16: Type: A
A17: F033-06 | B17: Refresh - UTCID06 | C17: Execute Refresh. Verify returned result and side effects. | D17: - session is kept unchanged | E17: - user6@example.com - Password623@ | F17: Passed | G17: 46248 | H17: Huynh Thai Tu | I17: Passed | J17: 46248 | K17: Huynh Thai Tu | L17: Passed | M17: 46248 | N17: Huynh Thai Tu | O17: Type: N
A18: F033-07 | B18: Refresh - UTCID07 | C18: Execute Refresh. Verify returned result and side effects. | D18: - Expected result returned - Data validated - new session token issued | E18: - refresh-token-256-chars | F18: Passed | G18: 46248 | H18: Huynh Thai Tu | I18: Passed | J18: 46248 | K18: Huynh Thai Tu | L18: Passed | M18: 46248 | N18: Huynh Thai Tu | O18: Type: N

Sheet Assistant Q&A
A2: Feature | B2: Ask (F034) | R2: Passed
A3: Test requirement | B3: Submit meeting question | R3: Failed
A4: Number of TCs | B4: =COUNTIF(A12:A1003,"*F034-*") -> 7 | R4: Pending
A5: Testing Round | B5: Passed | C5: Failed | D5: Pending | E5: N/A | R5: N/A
A6: Round 1 | B6: =COUNTIF($F10:$F986,B5) -> 7 | C6: =COUNTIF($F10:$F975,C5) -> 0 | D6: =COUNTIF($F10:$F975,D5) -> 0 | E6: =COUNTIF($F10:$F975,E5) -> 0
A7: Round 2 | B7: =COUNTIF($I10:$I986,B5) -> 7 | C7: =COUNTIF($F10:$F975,C5) -> 0 | D7: =COUNTIF($F10:$F975,D5) -> 0 | E7: =COUNTIF($F10:$F975,E5) -> 0
A8: Round 3 | B8: =COUNTIF($L10:$L986,B5) -> 7 | C8: =COUNTIF($F10:$F975,C5) -> 0 | D8: =COUNTIF($F10:$F975,D5) -> 0 | E8: =COUNTIF($F10:$F975,E5) -> 0
A10: Test Case ID | B10: Test Case Description | C10: Test Case Procedure | D10: Expected Results | E10: Pre-conditions | F10: Round 1 | G10: Test date | H10: Tester | I10: Round 2 | J10: Test date | K10: Tester | L10: Round 3 | M10: Test date | N10: Tester | O10: Note
A11: Ask
A12: F034-01 | B12: Ask - UTCID01 | C12: Execute Ask. Verify returned result and side effects. | D12: - Expected result returned - Data validated - Question submitted successfully | E12: - Participant is in an active meeting. - MeetingId=MT-1001 - Question=Can you repeat the last point? | F12: Passed | G12: 46248 | H12: Huynh Thai Tu | I12: Passed | J12: 46248 | K12: Huynh Thai Tu | L12: Passed | M12: 46248 | N12: Huynh Thai Tu | O12: Type: N
A13: F034-02 | B13: Ask - UTCID02 | C13: Execute Ask. Verify returned result and side effects. | D13: - Expected result returned - Data validated - Question submitted successfully | E13: - Participant is in an active meeting. - RoomId=TR-1001 - ParticipantId=8; Language=vi-VN | F13: Passed | G13: 46248 | H13: Huynh Thai Tu | I13: Passed | J13: 46248 | K13: Huynh Thai Tu | L13: Passed | M13: 46248 | N13: Huynh Thai Tu | O13: Type: N
A14: F034-03 | B14: Ask - UTCID03 | C14: Execute Ask. Verify returned result and side effects. | D14: - Expected result returned - Data validated - Question submitted successfully | E14: - Participant is in an active meeting. - RoomId=TR-1002 - ParticipantId=9; Language=en-US | F14: Passed | G14: 46248 | H14: Huynh Thai Tu | I14: Passed | J14: 46248 | K14: Huynh Thai Tu | L14: Passed | M14: 46248 | N14: Huynh Thai Tu | O14: Type: N
A15: F034-04 | B15: Ask - UTCID04 | C15: Execute Ask. Verify returned result and side effects. | D15: - Expected result returned - Data validated - Question submitted successfully | E15: - Participant is in an active meeting. - RoomId=TR-1003 - ParticipantId=10; Language=vi-VN | F15: Passed | G15: 46248 | H15: Huynh Thai Tu | I15: Passed | J15: 46248 | K15: Huynh Thai Tu | L15: Passed | M15: 46248 | N15: Huynh Thai Tu | O15: Type: N
A16: F034-05 | B16: Ask - UTCID05 | C16: Execute Ask. Verify returned result and side effects. | D16: - Expected result returned - Data validated - Question submitted successfully | E16: - Participant is in an active meeting. - RoomId=TR-1004 - ParticipantId=11; Language=en-US | F16: Passed | G16: 46248 | H16: Huynh Thai Tu | I16: Passed | J16: 46248 | K16: Huynh Thai Tu | L16: Passed | M16: 46248 | N16: Huynh Thai Tu | O16: Type: N
A17: F034-06 | B17: Ask - UTCID06 | C17: Execute Ask. Verify returned result and side effects. | D17: - Expected result returned - Data validated - Question submitted successfully | E17: - Participant is in an active meeting. - RoomId=TR-1005 - ParticipantId=12; Language=vi-VN | F17: Passed | G17: 46248 | H17: Huynh Thai Tu | I17: Passed | J17: 46248 | K17: Huynh Thai Tu | L17: Passed | M17: 46248 | N17: Huynh Thai Tu | O17: Type: A
A18: F034-07 | B18: Ask - UTCID07 | C18: Execute Ask. Verify returned result and side effects. | D18: - Expected result returned - Data validated - Question submitted successfully | E18: - Participant is in an active meeting. - RoomId=TR-1006 | F18: Passed | G18: 46248 | H18: Huynh Thai Tu | I18: Passed | J18: 46248 | K18: Huynh Thai Tu | L18: Passed | M18: 46248 | N18: Huynh Thai Tu | O18: Type: N

Sheet Workspace Knowledge
A2: Feature | B2: GetKnowledge (F035) | R2: Passed
A3: Test requirement | B3: Handle workspace action: Get Knowledge | R3: Failed
A4: Number of TCs | B4: =COUNTIF(A12:A963,"*F035-*") -> 7 | R4: Pending
A5: Testing Round | B5: Passed | C5: Failed | D5: Pending | E5: N/A | R5: N/A
A6: Round 1 | B6: =COUNTIF($F10:$F946,B5) -> 7 | C6: =COUNTIF($F10:$F962,C5) -> 0 | D6: =COUNTIF($F10:$F962,D5) -> 0 | E6: =COUNTIF($F10:$F962,E5) -> 0
A7: Round 2 | B7: =COUNTIF($I10:$I946,B5) -> 7 | C7: =COUNTIF($F10:$F962,C5) -> 0 | D7: =COUNTIF($F10:$F962,D5) -> 0 | E7: =COUNTIF($F10:$F962,E5) -> 0
A8: Round 3 | B8: =COUNTIF($L10:$L946,B5) -> 7 | C8: =COUNTIF($F10:$F962,C5) -> 0 | D8: =COUNTIF($F10:$F962,D5) -> 0 | E8: =COUNTIF($F10:$F962,E5) -> 0
A10: Test Case ID | B10: Test Case Description | C10: Test Case Procedure | D10: Expected Results | E10: Pre-conditions | F10: Round 1 | G10: Test date | H10: Tester | I10: Round 2 | J10: Test date | K10: Tester | L10: Round 3 | M10: Test date | N10: Tester | O10: Note
A11: GetKnowledge
A12: F035-01 | B12: GetKnowledge - UTCID01 | C12: Execute GetKnowledge. Verify returned result and side effects. | D12: - Expected result returned - Data validated - request is rejected because the user has no permission | E12: - User is signed in but does not have the required role. - Role=MEMBER - RequiredRole=ADMIN | F12: Passed | G12: 46248 | H12: Huynh Thai Tu | I12: Passed | J12: 46248 | K12: Huynh Thai Tu | L12: Passed | M12: 46248 | N12: Huynh Thai Tu | O12: Type: A
A13: F035-02 | B13: GetKnowledge - UTCID02 | C13: Execute GetKnowledge. Verify returned result and side effects. | D13: - Expected result returned - Data validated - request is rejected because the user has no permission | E13: - User is signed in but does not have the required role. - WorkspaceId=11 - MemberRole=MEMBER; Action=GET KNOWLEDGE | F13: Passed | G13: 46248 | H13: Huynh Thai Tu | I13: Passed | J13: 46248 | K13: Huynh Thai Tu | L13: Passed | M13: 46248 | N13: Huynh Thai Tu | O13: Type: A
A14: F035-03 | B14: GetKnowledge - UTCID03 | C14: Execute GetKnowledge. Verify returned result and side effects. | D14: - user has no permission | E14: - User is signed in but does not have the required role. - WorkspaceId=12 - MemberRole=ADMIN; Action=GET KNOWLEDGE | F14: Passed | G14: 46248 | H14: Huynh Thai Tu | I14: Passed | J14: 46248 | K14: Huynh Thai Tu | L14: Passed | M14: 46248 | N14: Huynh Thai Tu | O14: Type: B
A15: F035-04 | B15: GetKnowledge - UTCID04 | C15: Execute GetKnowledge. Verify returned result and side effects. | D15: - requested data not found | E15: - Requested data does not exist. - RecordId=9999 - Status=not found | F15: Passed | G15: 46248 | H15: Huynh Thai Tu | I15: Passed | J15: 46248 | K15: Huynh Thai Tu | L15: Passed | M15: 46248 | N15: Huynh Thai Tu | O15: Type: N
A16: F035-05 | B16: GetKnowledge - UTCID05 | C16: Execute GetKnowledge. Verify returned result and side effects. | D16: - system shows that the requested data was not found | E16: - Requested data does not exist. - WorkspaceId=14 - MemberRole=ADMIN; Action=GET KNOWLEDGE | F16: Passed | G16: 46248 | H16: Huynh Thai Tu | I16: Passed | J16: 46248 | K16: Huynh Thai Tu | L16: Passed | M16: 46248 | N16: Huynh Thai Tu | O16: Type: A
A17: F035-06 | B17: GetKnowledge - UTCID06 | C17: Execute GetKnowledge. Verify returned result and side effects. | D17: - system shows that the requested data was not found | E17: - Requested data does not exist. - WorkspaceId=15 - MemberRole=MEMBER; Action=GET KNOWLEDGE | F17: Passed | G17: 46248 | H17: Huynh Thai Tu | I17: Passed | J17: 46248 | K17: Huynh Thai Tu | L17: Passed | M17: 46248 | N17: Huynh Thai Tu | O17: Type: A
A18: F035-07 | B18: GetKnowledge - UTCID07 | C18: Execute GetKnowledge. Verify returned result and side effects. | D18: - Expected result returned - Data validated - request is accepted at boundary value | E18: - Input is at accepted boundary value. - Page=1; PageSize=100 | F18: Passed | G18: 46248 | H18: Huynh Thai Tu | I18: Passed | J18: 46248 | K18: Huynh Thai Tu | L18: Passed | M18: 46248 | N18: Huynh Thai Tu | O18: Type: N
